name,state,acronym,short_name
Alabama A & M University,AL,AMU,AMU
University of Alabama at Birmingham,AL,UAB,UAB
Amridge University,AL,AU,AU
University of Alabama in Huntsville,AL,UAH,UAH
Alabama State University,AL,ASU,ASU
The University of Alabama,AL,UA,UA
Central Alabama Community College,AL,CACC,CACC
Athens State University,AL,ASU,ASU
Auburn University at Montgomery,AL,AUM,AUM
Auburn University,AL,AU,AU
Chattahoochee Valley Community College,AL,CVCC,CVCC
South University-Montgomery,AL,SUM,SUM
Enterprise State Community College,AL,ESCC,ESCC
Coastal Alabama Community College,AL,CACC,CACC
Faulkner University,AL,FU,FU
Gadsden State Community College,AL,GSCC,GSCC
New Beginning College of Cosmetology,AL,NBCC,NBCC
George C Wallace Community College-Dothan,AL,GCWCCD,GCWCCD
George C Wallace State Community College-Hanceville,AL,GCWSCCH,GCWSCCH
George C Wallace State Community College-Selma,AL,GCWSCCS,GCWSCCS
Herzing University-Birmingham,AL,HUB,HUB
Huntingdon College,AL,HC,HC
Heritage Christian University,AL,HCU,HCU
J. F. Drake State Community and Technical College,AL,JFDSCTC,JFDSCTC
J F Ingram State Technical College,AL,JFISTC,JFISTC
Jacksonville State University,AL,JSU,JSU
Jefferson State Community College,AL,JSCC,JSCC
John C Calhoun State Community College,AL,JCCSCC,JCCSCC
Lawson State Community College,AL,LSCC,LSCC
University of West Alabama,AL,UWA,UWA
Lurleen B Wallace Community College,AL,LBWCC,LBWCC
Marion Military Institute,AL,MMI,MMI
Miles College,AL,MC,MC
University of Mobile,AL,UM,UM
University of Montevallo,AL,UM,UM
Northwest Shoals Community College,AL,NSCC,NSCC
University of North Alabama,AL,UNA,UNA
Northeast Alabama Community College,AL,NACC,NACC
Oakwood University,AL,OU,OU
Reid State Technical College,AL,RSTC,RSTC
Bishop State Community College,AL,BSCC,BSCC
Samford University,AL,SU,SU
Selma University,AL,SU,SU
Shelton State Community College,AL,SSCC,SSCC
Snead State Community College,AL,SSCC,SSCC
University of South Alabama,AL,USA,USA
Spring Hill College,AL,SHC,SHC
Stillman College,AL,SC,SC
Talladega College,AL,TC,TC
H Councill Trenholm State Community College,AL,HCTSCC,HCTSCC
Troy University,AL,TU,TU
Tuskegee University,AL,TU,TU
United States Sports University,AL,USSU,USSU
Bevill State Community College,AL,BSCC,BSCC
University of Alaska Anchorage,AK,UAA,UAA
Alaska Bible College,AK,ABC,ABC
University of Alaska Fairbanks,AK,UAF,UAF
University of Alaska Southeast,AK,UAS,UAS
Alaska Pacific University,AK,APU,APU
Alaska Vocational Technical Center,AK,AVTC,AVTC
Charter College,AK,CC,CC
Alaska Career College,AK,ACC,ACC
Empire Beauty School-Tucson,AZ,EBST,EBST
Carrington College-Phoenix North,AZ,CCPN,CCPN
Carrington College-Mesa,AZ,CCM,CCM
Carrington College-Tucson,AZ,CCT,CCT
Miller-Motte College-Arizona Automotive Institute,AZ,MMCAAI,MMCAAI
Brookline College-Phoenix,AZ,BCP,BCP
Arizona State University Campus Immersion,AZ,ASUCI,ASUCI
Arizona Western College,AZ,AWC,AWC
University of Arizona,AZ,UA,UA
Central Arizona College,AZ,CAC,CAC
Charles of Italy Beauty College,AZ,CIBC,CIBC
Cochise County Community College District,AZ,CCCCD,CCCCD
Empire Beauty School-Chandler,AZ,EBSC,EBSC
Avalon Institute-Mesa,AZ,AIM,AIM
Eastern Arizona College,AZ,EAC,EAC
Embry-Riddle Aeronautical University-Prescott,AZ,ERAUP,ERAUP
The School of Architecture,AZ,SA,SA
Glendale Community College,AZ,GCC,GCC
Grand Canyon University,AZ,GCU,GCU
GateWay Community College,AZ,GCC,GCC
Mesa Community College,AZ,MCC,MCC
Mohave Community College,AZ,MCC,MCC
Universal Technical Institute-Phoenix,AZ,UTIP,UTIP
Dine College,AZ,DC,DC
Northern Arizona University,AZ,NAU,NAU
Northland Pioneer College,AZ,NPC,NPC
Phoenix College,AZ,PC,PC
Pima Community College,AZ,PCC,PCC
Pima Medical Institute-Tucson,AZ,PMIT,PMIT
Pima Medical Institute-Albuquerque,NM,PMIA,PMIA
Prescott College,AZ,PC,PC
Refrigeration School Inc,AZ,RSI,RSI
Rio Salado College,AZ,RSC,RSC
Roberto-Venn School of Luthiery,AZ,RVSL,RVSL
Scottsdale Community College,AZ,SCC,SCC
South Mountain Community College,AZ,SMCC,SMCC
Arizona Christian University,AZ,ACU,ACU
Universal Technical Institute of Arizona Inc,AZ,UTIAI,UTIAI
Yavapai College,AZ,YC,YC
University of Arkansas at Little Rock,AR,UALR,UALR
University of Arkansas for Medical Sciences,AR,UAMS,UAMS
Arkansas Baptist College,AR,ABC,ABC
Arkansas Beauty College,AR,ABC,ABC
Lyon College,AR,LC,LC
Arkansas Technical School,AR,ATS,ATS
University of Arkansas,AR,UA,UA
University of Arkansas at Pine Bluff,AR,UAPB,UAPB
Arkansas State University-Beebe,AR,ASUB,ASUB
Arkansas State University,AR,ASU,ASU
Arkansas Tech University,AR,ATU,ATU
University of Arkansas at Monticello,AR,UAM,UAM
Arthur's Beauty College,AR,ABC,ABC
Baptist Health College Little Rock,AR,BHCLR,BHCLR
Black River Technical College,AR,BRTC,BRTC
University of Central Arkansas,AR,UCA,UCA
Central Baptist College,AR,CBC,CBC
Cossatot Community College of the University of Arkansas,AR,CCCUA,CCCUA
Crowley's Ridge College,AR,CRC,CRC
University of Arkansas-East Arkansas Community College,AR,UAEACC,UAEACC
Paul Mitchell the School-Little Rock,AR,PMSLR,PMSLR
National Park College,AR,NPC,NPC
University of Arkansas Community College-Batesville,AR,UACCB,UACCB
Harding University,AR,HU,HU
Henderson State University,AR,HSU,HSU
Hendrix College,AR,HC,HC
Hot Springs Beauty College,AR,HSBC,HSBC
Jefferson Regional School of Nursing,AR,JRSN,JRSN
John Brown University,AR,JBU,JBU
Career Academy of Hair Design,AR,CAHD,CAHD
Academy of Salon and Spa,AR,ASS,ASS
Arkansas State University Mid-South,AR,ASUMS,ASUMS
Arkansas Northeastern College,AR,ANC,ANC
New Tyler Barber College Inc,AR,NTBCI,NTBCI
North Arkansas College,AR,NAC,NAC
Northwest Technical Institute,AR,NTI,NTI
Ouachita Baptist University,AR,OBU,OBU
Arkansas State University Three Rivers,AR,ASUTR,ASUTR
Ozarka College,AR,OC,OC
University of the Ozarks,AR,UO,UO
University of Arkansas Community College-Morrilton,AR,UACCM,UACCM
Philander Smith University,AR,PSU,PSU
Phillips Community College of the University of Arkansas,AR,PCCUA,PCCUA
Southeast Arkansas College,AR,SAC,SAC
University of Aesthetics & Cosmetology,AR,UAC,UAC
University of Arkansas-Pulaski Technical College,AR,UAPTC,UAPTC
University of Arkansas Hope-Texarkana,AR,UAHT,UAHT
University of Arkansas Community College Rich Mountain,AR,UACCRM,UACCRM
Paul Mitchell the School-Arkansas,AR,PMSA,PMSA
Searcy Beauty College,AR,SBC,SBC
Shorter College,AR,SC,SC
Williams Baptist University,AR,WBU,WBU
South Arkansas College,AR,SAC,SAC
Southern Arkansas University Main Campus,AR,SAUMC,SAUMC
Southern Arkansas University Tech,AR,SAUT,SAUT
Velvatex College of Beauty Culture,AR,VCBC,VCBC
University of Arkansas-Fort Smith,AR,UAFS,UAFS
Academy of Art University,CA,AAU,AAU
Academy of Chinese Culture and Health Sciences,CA,ACCHS,ACCHS
College of Alameda,CA,CA,CA
Allan Hancock College,CA,AHC,AHC
Berkeley School of Theology,CA,BST,BST
American Film Institute Conservatory,CA,AFIC,AFIC
American Beauty College,CA,ABC,ABC
American Career College-Los Angeles,CA,ACCLA,ACCLA
American River College,CA,ARC,ARC
Antelope Valley Community College District,CA,AVCCD,AVCCD
Art Center College of Design,CA,ACCD,ACCD
Associated Technical College-Los Angeles,CA,ATCLA,ATCLA
Azusa Pacific University,CA,APU,APU
Bakersfield College,CA,BC,BC
Barstow Community College,CA,BCC,BCC
Bellus Academy-Chula Vista,CA,BACV,BACV
Bethesda University,CA,BU,BU
Biola University,CA,BU,BU
Brownson Technical School,CA,BTS,BTS
Bryan University,AZ,BU,BU
Butte College,CA,BC,BC
California Institute of Integral Studies,CA,CIIS,CIIS
Cabrillo College,CA,CC,CC
California Baptist University,CA,CBU,CBU
California College of the Arts,CA,CCA,CCA
University of California College of the Law-San Francisco,CA,UCCLSF,UCCLSF
California Institute of Technology,CA,CIT,CIT
California Lutheran University,CA,CLU,CLU
California Polytechnic State University-San Luis Obispo,CA,CPSUSLO,CPSUSLO
Alliant International University-San Diego,CA,AIUSD,AIUSD
California State University-Bakersfield,CA,CSUB,CSUB
California State University-Stanislaus,CA,CSUS,CSUS
California State University-San Bernardino,CA,CSUSB,CSUSB
California State Polytechnic University-Pomona,CA,CSPUP,CSPUP
California State University-Chico,CA,CSUC,CSUC
California State University-Dominguez Hills,CA,CSUDH,CSUDH
California State University-Fresno,CA,CSUF,CSUF
California State University-Fullerton,CA,CSUF,CSUF
California State University-East Bay,CA,CSUEB,CSUEB
California State University-Long Beach,CA,CSULB,CSULB
California State University-Los Angeles,CA,CSULA,CSULA
California State University-Northridge,CA,CSUN,CSUN
California State University-Sacramento,CA,CSUS,CSUS
University of California-Berkeley,CA,UCB,UCB
University of California-Davis,CA,UCD,UCD
University of California-Irvine,CA,UCI,UCI
University of California-Los Angeles,CA,UCLA,UCLA
University of California-Riverside,CA,UCR,UCR
University of California-San Diego,CA,UCSD,UCSD
University of California-San Francisco,CA,UCSF,UCSF
University of California-Santa Barbara,CA,UCSB,UCSB
University of California-Santa Cruz,CA,UCSC,UCSC
Sofia University,CA,SU,SU
California Beauty College,CA,CBC,CBC
Haven University,CA,HU,HU
California Hair Design Academy,CA,CHDA,CHDA
California Institute of the Arts,CA,CIA,CIA
Cal Poly Maritime Academy,CA,CPMA,CPMA
California Western School of Law,CA,CWSL,CWSL
Canada College,CA,CC,CC
College of the Canyons,CA,CC,CC
Career Academy of Beauty,CA,CAB,CAB
Casa Loma College-Los Angeles,CA,CLCLA,CLCLA
CET-San Diego,CA,CSD,CSD
CET-San Jose,CA,CSJ,CSJ
CET-El Centro,CA,CEC,CEC
CET-Colton,CA,CC,CC
CET-Watsonville,CA,CW,CW
CET-Salinas,CA,CS,CS
Cerritos College,CA,CC,CC
Cerro Coso Community College,CA,CCCC,CCCC
Chabot College,CA,CC,CC
Chaffey College,CA,CC,CC
Chapman University,CA,CU,CU
Charles R Drew University of Medicine and Science,CA,CRDUMS,CRDUMS
Concordia University-Irvine,CA,CUI,CUI
San Diego Christian College,CA,SDCC,SDCC
Church Divinity School of the Pacific,CA,CDSP,CDSP
Citrus College,CA,CC,CC
Citrus Heights Beauty College,CA,CHBC,CHBC
City College of San Francisco,CA,CCSF,CCSF
Claremont Graduate University,CA,CGU,CGU
Claremont McKenna College,CA,CMC,CMC
Milan Institute-Visalia,CA,MIV,MIV
Clovis Adult Education,CA,CAE,CAE
Coastline Community College,CA,CCC,CCC
University of Silicon Valley,CA,USV,USV
Coba Academy,CA,CA,CA
Western University of Health Sciences,CA,WUHS,WUHS
Columbia College,CA,CC,CC
Compton College,CA,CC,CC
Contra Costa College,CA,CCC,CCC
Cosumnes River College,CA,CRC,CRC
Crafton Hills College,CA,CHC,CHC
Cuesta College,CA,CC,CC
Cuyamaca College,CA,CC,CC
Cypress College,CA,CC,CC
De Anza College,CA,DAC,DAC
International School of Beauty Inc,CA,ISBI,ISBI
College of the Desert,CA,CD,CD
Design Institute of San Diego,CA,DISD,DISD
Diablo Valley College,CA,DVC,DVC
Dominican University of California,CA,DUC,DUC
Dominican School of Philosophy & Theology,CA,DSPT,DSPT
East Los Angeles College,CA,ELAC,ELAC
El Camino Community College District,CA,ECCCD,ECCCD
Evergreen Valley College,CA,EVC,EVC
Feather River Community College District,CA,FRCCD,FRCCD
Federico Beauty Institute,CA,FBI,FBI
Fielding Graduate University,CA,FGU,FGU
Five Branches University,CA,FBU,FBU
Redondo Beach Beauty College,CA,RBBC,RBBC
Foothill College,CA,FC,FC
Franciscan School of Theology,CA,FST,FST
Fredrick and Charles Beauty College,CA,FCBC,FCBC
Fresno City College,CA,FCC,FCC
Fresno Pacific University,CA,FPU,FPU
Fuller Theological Seminary,CA,FTS,FTS
Fullerton College,CA,FC,FC
Gavilan College,CA,GC,GC
Gemological Institute of America-Carlsbad,CA,GIAC,GIAC
Glendale Career College,CA,GCC,GCC
Golden Gate University,CA,GGU,GGU
Golden West College,CA,GWC,GWC
Graduate Theological Union,CA,GTU,GTU
Grossmont College,CA,GC,GC
Salon Success Academy-Riverside,CA,SSAR,SSAR
Hartnell College,CA,HC,HC
Harvey Mudd College,CA,HMC,HMC
Hilltop Beauty School,CA,HBS,HBS
Pacifica Graduate Institute,CA,PGI,PGI
California State Polytechnic University-Humboldt,CA,CSPUH,CSPUH
Humphreys University,CA,HU,HU
Imperial Valley College,CA,IVC,IVC
Institute for Business and Technology,CA,IBT,IBT
Interior Designers Institute,CA,IDI,IDI
Irvine Valley College,CA,IVC,IVC
Bellus Academy-El Cajon,CA,BAEC,BAEC
American Jewish University,CA,AJU,AJU
Reedley College,CA,RC,RC
Life Pacific University,CA,LPU,LPU
University of La Verne,CA,ULV,ULV
Laguna College of Art and Design,CA,LCAD,LCAD
Lake Tahoe Community College,CA,LTCC,LTCC
Lancaster Beauty School,CA,LBS,LBS
Laney College,CA,LC,LC
Lassen Community College,CA,LCC,LCC
Latin American Bible Institute,CA,LABI,LABI
Life Chiropractic College West,CA,LCCW,LCCW
Lincoln University,CA,LU,LU
Southern California Seminary,CA,SCS,SCS
La Sierra University,CA,LSU,LSU
Loma Linda University,CA,LLU,LLU
Long Beach City College,CA,LBCC,LBCC
Southern California University of Health Sciences,CA,SCUHS,SCUHS
Los Angeles Harbor College,CA,LAHC,LAHC
Los Angeles Pierce College,CA,LAPC,LAPC
Los Angeles Southwest College,CA,LASC,LASC
Los Angeles Trade Technical College,CA,LATTC,LATTC
Los Angeles Valley College,CA,LAVC,LAVC
The Master's University and Seminary,CA,MUS,MUS
Los Angeles City College,CA,LACC,LACC
Los Angeles County College of Nursing and Allied Health,CA,LACCNAH,LACCNAH
Los Angeles Mission College,CA,LAMC,LAMC
Los Medanos College,CA,LMC,LMC
Loyola Marymount University,CA,LMU,LMU
Lu Ross Academy,CA,LRA,LRA
Lyle's College of Beauty,CA,LCB,LCB
Lyle's College of  Beauty,CA,LCB,LCB
Lytles Redwood Empire Beauty College,CA,LREBC,LREBC
MTI College,CA,MC,MC
College of Marin,CA,CM,CM
Mendocino College,CA,MC,MC
Menlo College,CA,MC,MC
Merced College,CA,MC,MC
Merritt College,CA,MC,MC
Northeastern University Oakland,CA,NUO,NUO
MiraCosta College,CA,MC,MC
Mission College,CA,MC,MC
Modern Beauty Academy,CA,MBA,MBA
Modesto Junior College,CA,MJC,MJC
Moler Barber College,CA,MBC,MBC
Middlebury Institute of International Studies at Monterey,CA,MIISM,MIISM
Monterey Peninsula College,CA,MPC,MPC
Moorpark College,CA,MC,MC
Mt San Antonio College,CA,MSAC,MSAC
Mount Saint Mary's University,CA,MSMU,MSMU
Mt San Jacinto Community College District,CA,MSJCCD,MSJCCD
Musicians Institute,CA,MI,MI
Napa Valley College,CA,NVC,NVC
National Holistic Institute,CA,NHI,NHI
National University,CA,NU,NU
Naval Postgraduate School,CA,NPS,NPS
Newschool of Architecture and Design,CA,NAD,NAD
North Adrian's College of Beauty Inc,CA,NACBI,NACBI
North-West College-Pomona,CA,NWCP,NWCP
North-West College-West Covina,CA,NWCWC,NWCWC
North-West College-Van Nuys,CA,NWCVN,NWCVN
San Francisco Bay University,CA,SFBU,SFBU
Notre Dame de Namur University,CA,NDDNU,NDDNU
Occidental College,CA,OC,OC
Ohlone College,CA,OC,OC
Orange Coast College,CA,OCC,OCC
Otis College of Art and Design,CA,OCAD,OCAD
Oxnard College,CA,OC,OC
Hope International University,CA,HIU,HIU
Concorde Career College-San Diego,CA,CCCSD,CCCSD
Palo Alto University,CA,PAU,PAU
Pacific Oaks College,CA,POC,POC
Pacific School of Religion,CA,PSR,PSR
Pacific Union College,CA,PUC,PUC
University of the Pacific,CA,UP,UP
Palo Verde College,CA,PVC,PVC
Palomar College,CA,PC,PC
Pasadena City College,CA,PCC,PCC
Pepperdine University,CA,PU,PU
Pitzer College,CA,PC,PC
Point Loma Nazarene University,CA,PLNU,PLNU
Pomona College,CA,PC,PC
Porterville College,CA,PC,PC
Professional Institute of Beauty,CA,PIB,PIB
Santa Ana College,CA,SAC,SAC
RAND School of Public Policy,CA,RSPP,RSPP
Shasta School of Cosmetology,CA,SSC,SSC
University of Redlands,CA,UR,UR
College of the Redwoods,CA,CR,CR
Salon Success Academy-Upland,CA,SSAU,SSAU
Salon Success Academy-Corona,CA,SSAC,SSAC
Rio Hondo College,CA,RHC,RHC
Riverside City College,CA,RCC,RCC
Dongguk University Los Angeles,CA,DULA,DULA
Sacramento City College,CA,SCC,SCC
Saddleback College,CA,SC,SC
Samuel Merritt University,CA,SMU,SMU
San Diego City College,CA,SDCC,SDCC
San Diego Mesa College,CA,SDMC,SDMC
San Diego Miramar College,CA,SDMC,SDMC
San Diego State University,CA,SDSU,SDSU
University of San Diego,CA,USD,USD
San Francisco Conservatory of Music,CA,SFCM,SFCM
San Francisco State University,CA,SFSU,SFSU
University of San Francisco,CA,USF,USF
San Joaquin College of Law,CA,SJCL,SJCL
San Joaquin Delta College,CA,SJDC,SJDC
San Joaquin Valley College-Visalia,CA,SJVCV,SJVCV
San Joaquin Valley College-Bakersfield,CA,SJVCB,SJVCB
William Jessup University,CA,WJU,WJU
San Jose City College,CA,SJCC,SJCC
San Jose State University,CA,SJSU,SJSU
College of San Mateo,CA,CSM,CSM
Santa Barbara City College,CA,SBCC,SBCC
Santa Clara University,CA,SCU,SCU
Santa Monica College,CA,SMC,SMC
Santa Rosa Junior College,CA,SRJC,SRJC
Saybrook University,CA,SU,SU
Scripps College,CA,SC,SC
College of the Sequoias,CA,CS,CS
Shasta Bible College and Graduate School,CA,SBCGS,SBCGS
Shasta College,CA,SC,SC
Sierra College,CA,SC,SC
Sierra College of Beauty,CA,SCB,SCB
Trinity Law School,CA,TLS,TLS
Simpson University,CA,SU,SU
College of the Siskiyous,CA,CS,CS
Charles A Jones Career and Education Center,CA,CJCEC,CJCEC
Skyline College,CA,SC,SC
San Bernardino Valley College,CA,SBVC,SBVC
Saint Mary's College of California,CA,SMCC,SMCC
Solano Community College,CA,SCC,SCC
Sonoma State University,CA,SSU,SSU
South Baylo University,CA,SBU,SBU
South Coast College,CA,SCC,SCC
Vanguard University of Southern California,CA,VUSC,VUSC
Concorde Career College-Garden Grove,CA,CCCGG,CCCGG
Southwestern College,CA,SC,SC
Starr King School for the Ministry,CA,SKSM,SKSM
Marshall B Ketchum University,CA,MBKU,MBKU
Southern California Institute of Architecture,CA,SCIA,SCIA
University of Southern California,CA,USC,USC
Southwestern Law School,CA,SLS,SLS
Taft College,CA,TC,TC
Claremont School of Theology,CA,CST,CST
Thomas Aquinas College,CA,TAC,TAC
Epic Bible College & Graduate School,CA,EBCGS,EBCGS
UEI College-Huntington Park,CA,UCHP,UCHP
Concorde Career College-San Bernardino,CA,CCCSB,CCCSB
Concorde Career College-North Hollywood,CA,CCCNH,CCCNH
Ventura College,CA,VC,VC
The Colleges of Law at Ventura,CA,CLV,CLV
Bridges Beauty College,CA,BBC,BBC
Victor Valley College,CA,VVC,VVC
Berkeley City College,CA,BCC,BCC
Walden University,MN,WU,WU
Waynes College of Beauty,CA,WCB,WCB
Coalinga College,CA,CC,CC
West Los Angeles College,CA,WLAC,WLAC
West Valley College,CA,WVC,WVC
Carrington College-Sacramento,CA,CCS,CCS
Westminster Theological Seminary in California,CA,WTSC,WTSC
Westmont College,CA,WC,WC
Whittier College,CA,WC,WC
Woodbury University,CA,WU,WU
The Wright Institute,CA,WI,WI
Thomas Jefferson School of Law,CA,TJSL,TJSL
Yeshiva Ohr Elchonon Chabad West Coast Talmudical Seminary,CA,YOECWCTS,YOECWCTS
Yuba College,CA,YC,YC
Adams State University,CO,ASU,ASU
Aims Community College,CO,ACC,ACC
Arapahoe Community College,CO,ACC,ACC
Bel-Rea Institute of Animal Technology,CO,BRIAT,BRIAT
University of Colorado Denver/Anschutz Medical Campus,CO,UCDAMC,UCDAMC
University of Colorado Colorado Springs,CO,UCCS,UCCS
Spartan College of Aeronautics and Technology,CO,SCAT,SCAT
University of Colorado Boulder,CO,UCB,UCB
Colorado Christian University,CO,CCU,CCU
Colorado College,CO,CC,CC
Concorde Career College-Aurora,CO,CCCA,CCCA
Colorado Mountain College,CO,CMC,CMC
Colorado Northwestern Community College,CO,CNCC,CNCC
Colorado School of Mines,CO,CSM,CSM
Colorado School of Trades,CO,CST,CST
Colorado State University-Fort Collins,CO,CSUFC,CSUFC
Colorado Technical University-Colorado Springs,CO,CTUCS,CTUCS
Community College of Aurora,CO,CCA,CCA
Technical College of the Rockies,CO,TCR,TCR
Community College of Denver,CO,CCD,CCD
Lincoln College of Technology-Denver,CO,LCTD,LCTD
Denver Seminary,CO,DS,DS
University of Denver,CO,UD,UD
Emily Griffith Technical College,CO,EGTC,EGTC
Fort Lewis College,CO,FLC,FLC
Front Range Community College,CO,FRCC,FRCC
Iliff School of Theology,CO,IST,IST
International Salon and Spa Academy,CO,ISSA,ISSA
Lamar Community College,CO,LCC,LCC
Colorado Mesa University,CO,CMU,CMU
Metropolitan State University of Denver,CO,MSUD,MSUD
Morgan Community College,CO,MCC,MCC
Naropa University,CO,NU,NU
Nazarene Bible College,CO,NBC,NBC
Northeastern Junior College,CO,NJC,NJC
University of Northern Colorado,CO,UNC,UNC
Otero College,CO,OC,OC
Pikes Peak State College,CO,PPSC,PPSC
Pueblo Community College,CO,PCC,PCC
Red Rocks Community College,CO,RRCC,RRCC
Regis University,CO,RU,RU
Rocky Mountain College of Art and Design,CO,RMCAD,RMCAD
Montessori Education Center of the Rockies,CO,MECR,MECR
Colorado State University Pueblo,CO,CSUP,CSUP
Pickens Technical College,CO,PTC,PTC
Intellitec College-Colorado Springs,CO,ICCS,ICCS
Intellitec College-Grand Junction,CO,ICGJ,ICGJ
Trinidad State College,CO,TSC,TSC
United States Air Force Academy,CO,USAFA,USAFA
Empire Beauty School-Thornton,CO,EBST,EBST
Western Colorado University,CO,WCU,WCU
Albertus Magnus College,CT,AMC,AMC
Bais Binyomin Academy,NY,BBA,BBA
University of Bridgeport,CT,UB,UB
Central Connecticut State University,CT,CCSU,CCSU
Charter Oak State College,CT,COSC,COSC
Cortiva Institute,CT,CI,CI
Connecticut College,CT,CC,CC
Porter & Chester Institute of Hamden,CT,PCIH,PCIH
University of Connecticut,CT,UC,UC
Goodwin University,CT,GU,GU
Lincoln Technical Institute-East Windsor,CT,LTIEW,LTIEW
Eastern Connecticut State University,CT,ECSU,ECSU
Fairfield University,CT,FU,FU
Paul Mitchell the School-North Haven,CT,PMSNH,PMSNH
Connecticut State Community College,CT,CSCC,CSCC
American Institute-West Hartford,CT,AIWH,AIWH
Hartford International University for Religion and Peace,CT,HIURP,HIURP
University of Hartford,CT,UH,UH
Holy Apostles College and Seminary,CT,HACS,HACS
Mitchell College,CT,MC,MC
Lincoln Technical Institute-New Britain,CT,LTINB,LTINB
New England Tractor Trailer Training School of Connecticut,CT,NETTTSC,NETTTSC
University of New Haven,CT,UNH,UNH
Porter & Chester Institute,CT,PCI,PCI
Post University,CT,PU,PU
Quinnipiac University,CT,QU,QU
Sacred Heart University,CT,SHU,SHU
University of Saint Joseph,CT,USJ,USJ
Southern Connecticut State University,CT,SCSU,SCSU
Trinity College,CT,TC,TC
United States Coast Guard Academy,CT,USCGA,USCGA
Wesleyan University,CT,WU,WU
Western Connecticut State University,CT,WCSU,WCSU
Yale University,CT,YU,YU
Margaret H Rollins School of Nursing at Beebe Medical Center,DE,MHRSNBMC,MHRSNBMC
Dawn Career Institute LLC,DE,DCIL,DCIL
Delaware Technical Community College-Terry,DE,DTCCT,DTCCT
Delaware State University,DE,DSU,DSU
University of Delaware,DE,UD,UD
Goldey-Beacom College,DE,GBC,GBC
Schilling-Douglas School of Hair Design,DE,SDSHD,SDSHD
Wilmington University,DE,WU,WU
American University,DC,AU,AU
The Catholic University of America,DC,CUA,CUA
University of the District of Columbia,DC,UDC,UDC
Pontifical Faculty of the Immaculate Conception at the Dominican House of Studies,DC,PFICDHS,PFICDHS
Gallaudet University,DC,GU,GU
George Washington University,DC,GWU,GWU
Georgetown University,DC,GU,GU
Howard University,DC,HU,HU
Strayer University-District of Columbia,DC,SUDC,SUDC
National Conservatory of Dramatic Arts,DC,NCDA,NCDA
Trinity Washington University,DC,TWU,TWU
Wesley Theological Seminary,DC,WTS,WTS
Atlantic Technical College,FL,ATC,ATC
Baptist University of Florida,FL,BUF,BUF
Barry University,FL,BU,BU
Bethune-Cookman University,FL,BCU,BCU
Lynn University,FL,LU,LU
North Florida Technical College,FL,NFTC,NFTC
Eastern Florida State College,FL,EFSC,EFSC
Broward College,FL,BC,BC
Albizu University-Miami,FL,AUM,AUM
College of Central Florida,FL,CCF,CCF
University of Central Florida,FL,UCF,UCF
Charlotte Technical College,FL,CTC,CTC
Chipola College,FL,CC,CC
Lorenzo Walker Technical College,FL,LWTC,LWTC
Daytona State College,FL,DSC,DSC
South University-West Palm Beach,FL,SUWPB,SUWPB
Eckerd College,FL,EC,EC
Florida SouthWestern State College,FL,FSSC,FSSC
Edward Waters University,FL,EWU,EWU
Embry-Riddle Aeronautical University-Daytona Beach,FL,ERAUDB,ERAUDB
Florida Agricultural and Mechanical University,FL,FAMU,FAMU
Florida Atlantic University,FL,FAU,FAU
Florida State College at Jacksonville,FL,FSCJ,FSCJ
Flagler College,FL,FC,FC
Florida College,FL,FC,FC
Concorde Career Institute-Jacksonville,FL,CCIJ,CCIJ
Concorde Career Institute-Miramar,FL,CCIM,CCIM
Concorde Career Institute-Tampa,FL,CCIT,CCIT
AdventHealth University,FL,AU,AU
Florida Institute of Technology,FL,FIT,FIT
Florida International University,FL,FIU,FIU
The College of the Florida Keys,FL,CFK,CFK
Florida Memorial University,FL,FMU,FMU
Florida School of Massage,FL,FSM,FSM
Florida Southern College,FL,FSC,FSC
Florida State University,FL,FSU,FSU
University of Florida,FL,UF,UF
Fort Pierce Beauty Academy,FL,FPBA,FPBA
Full Sail University,FL,FSU,FSU
George Stone Technical College,FL,GSTC,GSTC
George T Baker Aviation Technical College,FL,GTBATC,GTBATC
Gulf Coast State College,FL,GCSC,GCSC
Hillsborough College,FL,HC,HC
Hobe Sound Bible College,FL,HSBC,HSBC
Hollywood Institute of Beauty Careers,FL,HIBC,HIBC
Indian River State College,FL,IRSC,IRSC
International Academy,FL,IA,IA
Jacksonville University,FL,JU,JU
Keiser University-Ft Lauderdale,FL,KUFL,KUFL
La Belle Beauty School,FL,LBBS,LBBS
Florida Gateway College,FL,FGC,FGC
Lake Technical College,FL,LTC,LTC
Lake-Sumter State College,FL,LSSC,LSSC
Fort Myers Technical College,FL,FMTC,FMTC
Lively Technical College,FL,LTC,LTC
Lindsey Hopkins Technical College,FL,LHTC,LHTC
Loraines Academy & Spa,FL,LAS,LAS
Luther Rice College & Seminary,GA,LRCS,LRCS
State College of Florida-Manatee-Sarasota,FL,SCFMS,SCFMS
Manatee Technical College,FL,MTC,MTC
Traviss Technical College,FL,TTC,TTC
Merryfield Academy,FL,MA,MA
Miami Lakes Educational Center and Technical College,FL,MLECTC,MLECTC
Miami Dade College,FL,MDC,MDC
University of Miami,FL,UM,UM
Orange Technical College-South Campus,FL,OTCSC,OTCSC
Paul Mitchell the School-Jacksonville,FL,PMSJ,PMSJ
North Florida College,FL,NFC,NFC
University of North Florida,FL,UNF,UNF
Nova Southeastern University,FL,NSU,NSU
Northwest Florida State College,FL,NFSC,NFSC
Orange Technical College,FL,OTC,OTC
Palm Beach Atlantic University,FL,PBAU,PBAU
Palm Beach State College,FL,PBSC,PBSC
Pasco-Hernando State College,FL,PHSC,PHSC
PENSACOLA CHRISTIAN COLLEGE,FL,PCC,PCC
Pensacola State College,FL,PSC,PSC
Pinellas Technical College-Clearwater,FL,PTCC,PTCC
Polk State College,FL,PSC,PSC
Radford M Locklin Technical College,FL,RMLTC,RMLTC
Saint Vincent de Paul Regional Seminary,FL,SVDPRS,SVDPRS
Ridge Technical College,FL,RTC,RTC
Ringling College of Art and Design,FL,RCAD,RCAD
Robert Morgan Educational Center and Technical College,FL,RMECTC,RMECTC
Rollins College,FL,RC,RC
First Coast Technical College,FL,FCTC,FCTC
Saint Leo University,FL,SLU,SLU
St Petersburg College,FL,SPC,SPC
Pinellas Technical College-St. Petersburg,FL,PTCSP,PTCSP
Santa Fe College,FL,SFC,SFC
Suncoast Technical College,FL,STC,STC
Seminole State College of Florida,FL,SSCF,SSCF
Sheridan Technical College,FL,STC,STC
St. John Vianney College Seminary,FL,SJVCS,SJVCS
Saint Johns River State College,FL,SJRSC,SJRSC
South Florida State College,FL,SFSC,SFSC
University of South Florida,FL,USF,USF
St. Thomas University,FL,STU,STU
Stetson University,FL,SU,SU
Southeastern University,FL,SU,SU
Bene's Career Academy,FL,BCA,BCA
Riveroak Technical College,FL,RTC,RTC
Tallahassee State College,FL,TSC,TSC
Talmudic College of Florida,FL,TCF,TCF
The University of Tampa,FL,UT,UT
Big Bend Technical College,FL,BBTC,BBTC
Tom P. Haney Technical College,FL,TPHTC,TPHTC
Trinity College of Jacksonville,FL,TCJ,TCJ
Trinity College of Florida,FL,TCF,TCF
Valencia College,FL,VC,VC
Warner University,FL,WU,WU
Florida Panhandle Technical College,FL,FPTC,FPTC
Webber International University,FL,WIU,WIU
Rasmussen University-Florida,FL,RUF,RUF
University of West Florida,FL,UWF,UWF
Orange Technical College-West Campus,FL,OTCWC,OTCWC
William T McFatter Technical College,FL,WTMTC,WTMTC
Withlacoochee Technical College,FL,WTC,WTC
Abraham Baldwin Agricultural College,GA,ABAC,ABAC
Agnes Scott College,GA,ASC,ASC
Interactive College of Technology-Chamblee,GA,ICTC,ICTC
Interactive College of Technology-Morrow,GA,ICTM,ICTM
Albany Technical College,GA,ATC,ATC
Albany State University,GA,ASU,ASU
Andrew College,GA,AC,AC
Georgia Career Institute,GA,GCI,GCI
Atlanta Technical College,GA,ATC,ATC
Point University,GA,PU,PU
Atlanta Metropolitan State College,GA,AMSC,AMSC
Atlanta's John Marshall Law School,GA,AJMLS,AJMLS
Clark Atlanta University,GA,CAU,CAU
Augusta Technical College,GA,ATC,ATC
Berry College,GA,BC,BC
Beulah Heights University,GA,BHU,BHU
Brenau University,GA,BU,BU
Brewton-Parker Christian University,GA,BPCU,BPCU
College of Coastal Georgia,GA,CCG,CCG
West Georgia Technical College,GA,WGTC,WGTC
Clayton  State University,GA,CSU,CSU
Columbia Theological Seminary,GA,CTS,CTS
Columbus Technical College,GA,CTC,CTC
Columbus State University,GA,CSU,CSU
Georgia Northwestern Technical College,GA,GNTC,GNTC
Covenant College,GA,CC,CC
Dalton State College,GA,DSC,DSC
Pro Way Hair School,GA,PWHS,PWHS
South University-Savannah,GA,SUS,SUS
East Georgia State College,GA,EGSC,EGSC
Emmanuel University,GA,EU,EU
Emory University,GA,EU,EU
Georgia Highlands College,GA,GHC,GHC
Fort Valley State University,GA,FVSU,FVSU
Grady Health System Professional Schools,GA,GHSPS,GHSPS
Georgia Institute of Technology-Main Campus,GA,GITMC,GITMC
Georgia Southwestern State University,GA,GSSU,GSSU
Georgia College & State University,GA,GCSU,GCSU
Georgia Southern University,GA,GSU,GSU
Georgia State University,GA,GSU,GSU
University of Georgia,GA,UG,UG
Gordon State College,GA,GSC,GSC
Southern Crescent Technical College,GA,SCTC,SCTC
Gupton Jones College of Funeral Service,GA,GJCFS,GJCFS
Gwinnett College-Lilburn,GA,GCL,GCL
Gwinnett Technical College,GA,GTC,GTC
Interdenominational Theological Center,GA,ITC,ITC
LaGrange College,GA,LC,LC
Lanier Technical College,GA,LTC,LTC
Life University,GA,LU,LU
Chattahoochee Technical College,GA,CTC,CTC
Herzing University-Atlanta,GA,HUA,HUA
Mercer University,GA,MU,MU
Morehouse College,GA,MC,MC
Morehouse School of Medicine,GA,MSM,MSM
Morris Brown College,GA,MBC,MBC
North Georgia Technical College,GA,NGTC,NGTC
Oglethorpe University,GA,OU,OU
Paine College,GA,PC,PC
Piedmont University,GA,PU,PU
Miami Ad School-Atlanta,GA,MASA,MASA
Reinhardt University,GA,RU,RU
Savannah Technical College,GA,STC,STC
Savannah College of Art and Design,GA,SCAD,SCAD
Savannah State University,GA,SSU,SSU
Shorter University,GA,SU,SU
South Georgia Technical College,GA,SGTC,SGTC
Spelman College,GA,SC,SC
Thomas University,GA,TU,TU
Toccoa Falls College,GA,TFC,TFC
Truett McConnell University,GA,TMU,TMU
Wiregrass Georgia Technical College,GA,WGTC,WGTC
Valdosta State University,GA,VSU,VSU
Wesleyan College,GA,WC,WC
University of West Georgia,GA,UWG,UWG
Young Harris College,GA,YHC,YHC
Chaminade University of Honolulu,HI,CUH,CUH
University of Hawaii at Hilo,HI,UHH,UHH
University of Hawaii at Manoa,HI,UHM,UHM
Hawaii Institute of Hair Design,HI,HIHD,HIHD
Hawaii Pacific University,HI,HPU,HPU
Honolulu Community College,HI,HCC,HCC
Kapiolani Community College,HI,KCC,KCC
Kauai Community College,HI,KCC,KCC
Leeward Community College,HI,LCC,LCC
University of Hawaii Maui College,HI,UHMC,UHMC
University of Hawaii-West Oahu,HI,UHWO,UHWO
Windward Community College,HI,WCC,WCC
Carrington College-Boise,ID,CCB,CCB
Boise Bible College,ID,BBC,BBC
Boise State University,ID,BSU,BSU
College of Eastern Idaho,ID,CEI,CEI
Idaho State University,ID,ISU,ISU
University of Idaho,ID,UI,UI
The College of Idaho,ID,CI,CI
Lewis-Clark State College,ID,LCSC,LCSC
Aveda Institute-Twin Falls,ID,AITF,AITF
North Idaho College,ID,NIC,NIC
Northwest Nazarene University,ID,NNU,NNU
Nathan Layne Institute of Cosmetology,ID,NLIC,NLIC
Brigham Young University-Idaho,ID,BYUI,BYUI
College of Southern Idaho,ID,CSI,CSI
Adler University,IL,AU,AU
American Islamic College,IL,AIC,AIC
School of the Art Institute of Chicago,IL,SAIC,SAIC
Augustana College,IL,AC,AC
Aurora University,IL,AU,AU
Southwestern Illinois College,IL,SIC,SIC
Bethany Theological Seminary,IN,BTS,BTS
Black Hawk College,IL,BHC,BHC
Blackburn College,IL,BC,BC
Blessing Rieman College of Nursing and Health Sciences,IL,BRCNHS,BRCNHS
Bradley University,IL,BU,BU
Paul Mitchell the School-Tinley Park,IL,PMSTP,PMSTP
Cameo Beauty Academy,IL,CBA,CBA
Cannella School of Hair Design-Villa Park,IL,CSHDVP,CSHDVP
Cannella School of Hair Design-Chicago,IL,CSHDC,CSHDC
Capri Beauty College,IL,CBC,CBC
Carl Sandburg College,IL,CSC,CSC
Catholic Theological Union at Chicago,IL,CTUC,CTUC
Midwestern University-Downers Grove,IL,MUDG,MUDG
The Chicago School at Chicago,IL,CSC,CSC
Chicago State University,IL,CSU,CSU
Chicago Theological Seminary,IL,CTS,CTS
University of Chicago,IL,UC,UC
City Colleges of Chicago-Kennedy-King College,IL,CCCKKC,CCCKKC
City Colleges of Chicago-Malcolm X College,IL,CCCMXC,CCCMXC
City Colleges of Chicago-Olive-Harvey College,IL,CCCOHC,CCCOHC
City Colleges of Chicago-Harry S Truman College,IL,CCCHSTC,CCCHSTC
City Colleges of Chicago-Richard J Daley College,IL,CCCRJDC,CCCRJDC
City Colleges of Chicago-Harold Washington College,IL,CCCHWC,CCCHWC
City Colleges of Chicago-Wilbur Wright College,IL,CCCWWC,CCCWWC
Columbia College Chicago,IL,CCC,CCC
Concordia University-Chicago,IL,CUC,CUC
Danville Area Community College,IL,DACC,DACC
Tricoci University of Beauty Culture,IL,TUBC,TUBC
DePaul University,IL,DU,DU
Cosmetology & Spa Academy,IL,CSA,CSA
College of DuPage,IL,CD,CD
East-West University,IL,EWU,EWU
Eastern Illinois University,IL,EIU,EIU
Elgin Community College,IL,ECC,ECC
Elmhurst University,IL,EU,EU
Eureka College,IL,EC,EC
First Institute of Travel Inc.,IL,FITI,FITI
Fox College,IL,FC,FC
Garrett-Evangelical Theological Seminary,IL,GETS,GETS
Gem City College,IL,GCC,GCC
Governors State University,IL,GSU,GSU
Graham Hospital School of Nursing,IL,GHSN,GHSN
Greenville University,IL,GU,GU
G Skin & Beauty Institute,IL,GSBI,GSBI
Hair Professionals Career College,IL,HPCC,HPCC
Hair Professionals School of Cosmetology,IL,HPSC,HPSC
Hebrew Theological College,IL,HTC,HTC
Highland Community College,IL,HCC,HCC
Rosalind Franklin University of Medicine and Science,IL,RFUMS,RFUMS
University of Illinois Chicago,IL,UIC,UIC
Benedictine University,IL,BU,BU
Illinois College of Optometry,IL,ICO,ICO
University of Illinois Urbana-Champaign,IL,UIUC,UIUC
Illinois Wesleyan University,IL,IWU,IWU
Illinois Central College,IL,ICC,ICC
Illinois College,IL,IC,IC
Illinois Eastern Community Colleges,IL,IECC,IECC
Illinois Institute of Technology,IL,IIT,IIT
Illinois State University,IL,ISU,ISU
Illinois Valley Community College,IL,IVCC,IVCC
Institute for Clinical Social Work,IL,ICSW,ICSW
John A Logan College,IL,JLC,JLC
John Wood Community College,IL,JWCC,JWCC
Joliet Junior College,IL,JJC,JJC
Judson University,IL,JU,JU
Kankakee Community College,IL,KCC,KCC
Kaskaskia College,IL,KC,KC
Kishwaukee College,IL,KC,KC
Knox College,IL,KC,KC
Educators of Beauty College of Cosmetology-Peru,IL,EBCCP,EBCCP
College of Lake County,IL,CLC,CLC
Lake Forest College,IL,LFC,LFC
Lake Forest Graduate School of Management,IL,LFGSM,LFGSM
Lake Land College,IL,LLC,LLC
Lakeview College of Nursing,IL,LCN,LCN
Lewis and Clark Community College,IL,LCCC,LCCC
Lewis University,IL,LU,LU
Lincoln Land Community College,IL,LLCC,LLCC
Lincoln College of Technology-Melrose Park,IL,LCTMP,LCTMP
Loyola University Chicago,IL,LUC,LUC
Lutheran School of Theology at Chicago,IL,LSTC,LSTC
Trinity College of Nursing & Health Sciences,IL,TCNHS,TCNHS
Steven Papageorge Hair Academy,IL,SPHA,SPHA
Generations College,IL,GC,GC
McCormick Theological Seminary,IL,MTS,MTS
McHenry County College,IL,MCC,MCC
McKendree University,IL,MU,MU
Meadville Theological School of Lombard College,IL,MTSLC,MTSLC
Methodist College,IL,MC,MC
Millikin University,IL,MU,MU
Monmouth College,IL,MC,MC
Moody Bible Institute,IL,MBI,MBI
Moraine Valley Community College,IL,MVCC,MVCC
Morrison Institute of Technology,IL,MIT,MIT
Morton College,IL,MC,MC
National Louis University,IL,NLU,NLU
National University of Health Sciences,IL,NUHS,NUHS
Cosmetology Concepts Niles,IL,CCN,CCN
North Central College,IL,NCC,NCC
North Park University,IL,NPU,NPU
Northern Baptist Theological Seminary,IL,NBTS,NBTS
Northern Illinois University,IL,NIU,NIU
Northwestern University,IL,NU,NU
Northeastern Illinois University,IL,NIU,NIU
Oakton College,IL,OC,OC
Oehrlein School of Cosmetology,IL,OSC,OSC
Olivet Nazarene University,IL,ONU,ONU
Parkland College,IL,PC,PC
Prairie State College,IL,PSC,PSC
Principia College,IL,PC,PC
Professional's Choice Hair Design Academy,IL,PCHDA,PCHDA
Quincy University,IL,QU,QU
Rend Lake College,IL,RLC,RLC
Richland Community College,IL,RCC,RCC
Rock Valley College,IL,RVC,RVC
Rockford University,IL,RU,RU
Roosevelt University,IL,RU,RU
Dominican University,IL,DU,DU
Rush University,IL,RU,RU
Saint Francis Medical Center College of Nursing,IL,SFMCCN,SFMCCN
University of St Francis,IL,USF,USF
St. John's College,IL,SJC,SJC
Saint Xavier University,IL,SXU,SXU
University of Illinois Springfield,IL,UIS,UIS
Sauk Valley Community College,IL,SVCC,SVCC
Shawnee Community College,IL,SCC,SCC
University of Saint Mary of the Lake,IL,USML,USML
Southeastern Illinois College,IL,SIC,SIC
Spertus College,IL,SC,SC
Spoon River College,IL,SRC,SRC
Saint Anthony College of Nursing,IL,SACN,SACN
Educators of Beauty College of Cosmetology-Sterling,IL,EBCCS,EBCCS
Southern Illinois University-Carbondale,IL,SIUC,SIUC
Southern Illinois University Edwardsville,IL,SIUE,SIUE
Taylor Business Institute,IL,TBI,TBI
Telshe Yeshiva-Chicago,IL,TYC,TYC
South Suburban College,IL,SSC,SSC
Trinity Christian College,IL,TCC,TCC
Trinity International University-Illinois,IL,TIUI,TIUI
Triton College,IL,TC,TC
University of Spa & Cosmetology Arts,IL,USCA,USCA
VanderCook College of Music,IL,VCM,VCM
Waubonsee Community College,IL,WCC,WCC
Western Illinois University,IL,WIU,WIU
Wheaton College,IL,WC,WC
William Rainey Harper College,IL,WRHC,WRHC
Anderson University,IN,AU,AU
Ball State University,IN,BSU,BSU
Bethel University,IN,BU,BU
Butler University,IN,BU,BU
Calumet College of Saint Joseph,IN,CCSJ,CCSJ
Christian Theological Seminary,IN,CTS,CTS
College of Court Reporting Inc,IN,CCRI,CCRI
Concordia Theological Seminary,IN,CTS,CTS
Tricoci University of Beauty Culture-Highland,IN,TUBCH,TUBCH
DePauw University,IN,DU,DU
Don Roberts School of Hair Design,IN,DRSHD,DRSHD
Earlham College,IN,EC,EC
University of Evansville,IN,UE,UE
Franklin College,IN,FC,FC
Goshen College,IN,GC,GC
Grace College and Theological Seminary,IN,GCTS,GCTS
Hanover College,IN,HC,HC
J Michael Harrold Beauty Academy,IN,JMHBA,JMHBA
Holy Cross College,IN,HCC,HCC
PJ's College of Cosmetology-Clarksville,IN,PCCC,PCCC
Huntington University,IN,HU,HU
Ivy Tech Community College,IN,ITCC,ITCC
Purdue University Fort Wayne,IN,PUFW,PUFW
Indiana University-Indianapolis,IN,IUI,IUI
University of Indianapolis,IN,UI,UI
Indiana Institute of Technology,IN,IIT,IIT
University of Southern Indiana,IN,USI,USI
Indiana State University,IN,ISU,ISU
Indiana University-Kokomo,IN,IUK,IUK
Indiana University-South Bend,IN,IUSB,IUSB
Indiana University-Bloomington,IN,IUB,IUB
Indiana University-Northwest,IN,IUN,IUN
Indiana University-Southeast,IN,IUS,IUS
Indiana University-East,IN,IUE,IUE
Vet Tech Institute of Indiana,IN,VTII,VTII
Taylor Institute of Cosmetology II,IN,TICI,TICI
Tricoci University of Beauty Culture-Lafayette,IN,TUBCL,TUBCL
Lincoln College of Technology-Indianapolis,IN,LCTI,LCTI
Manchester University,IN,MU,MU
Marian University,IN,MU,MU
Indiana Wesleyan University-Marion,IN,IWUM,IWUM
Anabaptist Mennonite Biblical Seminary,IN,AMBS,AMBS
Mid-America College of Funeral Service,IN,MACFS,MACFS
University of Notre Dame,IN,UND,UND
Oakland City University,IN,OCU,OCU
PJ's College of Cosmetology-Richmond,IN,PCCR,PCCR
Ravenscroft Beauty College,IN,RBC,RBC
Rogers Academy of Hair Design,IN,RAHD,RAHD
Rose-Hulman Institute of Technology,IN,RHIT,RHIT
University of Saint Francis-Fort Wayne,IN,USFFW,USFFW
Saint Mary-of-the-Woods College,IN,SMWC,SMWC
Saint Mary's College,IN,SMC,SMC
Saint Meinrad School of Theology,IN,SMST,SMST
Saint Elizabeth School of Nursing,IN,SESN,SESN
Taylor University,IN,TU,TU
Trine University,IN,TU,TU
Valparaiso University,IN,VU,VU
Vincennes Beauty College,IN,VBC,VBC
Vincennes University,IN,VU,VU
Wabash College,IN,WC,WC
Allen College,IA,AC,AC
Briar Cliff University,IA,BCU,BCU
Buena Vista University,IA,BVU,BVU
Capri College-Dubuque,IA,CCD,CCD
Capri College-Cedar Rapids,IA,CCCR,CCCR
Central College,IA,CC,CC
Clarke University,IA,CU,CU
Coe College,IA,CC,CC
Cornell College,IA,CC,CC
Des Moines Area Community College,IA,DMACC,DMACC
Divine Word College,IA,DWC,DWC
Dordt University,IA,DU,DU
Drake University,IA,DU,DU
University of Dubuque,IA,UD,UD
Ellsworth Community College,IA,ECC,ECC
Emmaus Bible College,IA,EBC,EBC
Eastern Iowa Community College District,IA,EICCD,EICCD
Faith Baptist Bible College and Theological Seminary,IA,FBBCTS,FBBCTS
Graceland University-Lamoni,IA,GUL,GUL
Grand View University,IA,GVU,GVU
Grinnell College,IA,GC,GC
Orion Technical College,IA,OTC,OTC
Hawkeye Community College,IA,HCC,HCC
American Hair Academy,IA,AHA,AHA
Indian Hills Community College,IA,IHCC,IHCC
Iowa Central Community College,IA,ICCC,ICCC
Iowa Lakes Community College,IA,ILCC,ILCC
UnityPoint Health-Des Moines School of Radiologic Technology,IA,UHDMSRT,UHDMSRT
Iowa School of Beauty-Des Moines,IA,ISBDM,ISBDM
Iowa State University,IA,ISU,ISU
Iowa Western Community College,IA,IWCC,IWCC
University of Iowa,IA,UI,UI
Kirkwood Community College,IA,KCC,KCC
La James International College-Cedar Falls,IA,LJICCF,LJICCF
La James International College-Johnston,IA,LJICJ,LJICJ
La James College of Hairstyling and Cosmetology,IA,LJCHC,LJCHC
La James International College-Ft Dodge,IA,LJICFD,LJICFD
Loras College,IA,LC,LC
Luther College,IA,LC,LC
Maharishi International University,IA,MIU,MIU
Marshalltown Community College,IA,MCC,MCC
Mercy College of Health Sciences,IA,MCHS,MCHS
Morningside University,IA,MU,MU
Mount Mercy University,IA,MMU,MMU
The University of Arizona Global Campus,AZ,UAGC,UAGC
North Iowa Area Community College,IA,NIACC,NIACC
University of Northern Iowa,IA,UNI,UNI
Northwestern College,IA,NC,NC
Northeast Iowa Community College,IA,NICC,NICC
Northwest Iowa Community College,IA,NICC,NICC
Des Moines University-Osteopathic Medical Center,IA,DMUOMC,DMUOMC
Palmer College of Chiropractic,IA,PCC,PCC
PCI Academy-Ames,IA,PAA,PAA
Saint Ambrose University,IA,SAU,SAU
St Luke's College,IA,SLC,SLC
La James International College-Davenport,IA,LJICD,LJICD
Simpson College,IA,SC,SC
Southeastern Community College,IA,SCC,SCC
Southwestern Community College,IA,SCC,SCC
Capri College-Davenport,IA,CCD,CCD
Iowa School of Beauty-Sioux City,IA,ISBSC,ISBSC
SOHO Hair Academy,IA,SHA,SHA
Upper Iowa University,IA,UIU,UIU
Waldorf University,IA,WU,WU
Wartburg College,IA,WC,WC
Wartburg Theological Seminary,IA,WTS,WTS
The Salon Professional Academy-Cedar Falls,IA,SPACF,SPACF
Western Iowa Tech Community College,IA,WITCC,WITCC
William Penn University,IA,WPU,WPU
Allen County Community College,KS,ACCC,ACCC
Baker University,KS,BU,BU
Barton County Community College,KS,BCCC,BCCC
Benedictine College,KS,BC,BC
Bethany College,KS,BC,BC
Bethel College-North Newton,KS,BCNN,BCNN
Butler Community College,KS,BCC,BCC
Central Christian College of Kansas,KS,CCCK,CCCK
Cloud County Community College,KS,CCCC,CCCC
Coffeyville Community College,KS,CCC,CCC
Colby Community College,KS,CCC,CCC
Cowley County Community College,KS,CCCC,CCCC
Dodge City Community College,KS,DCCC,DCCC
Donnelly College,KS,DC,DC
Emporia State University,KS,ESU,ESU
Flint Hills Technical College,KS,FHTC,FHTC
Fort Hays State University,KS,FHSU,FHSU
Barclay College,KS,BC,BC
Friends University,KS,FU,FU
Fort Scott Community College,KS,FSCC,FSCC
Garden City Community College,KS,GCCC,GCCC
Haskell Indian Nations University,KS,HINU,HINU
Hays Academy of Hair Design,KS,HAHD,HAHD
Hesston College,KS,HC,HC
Hutchinson Community College,KS,HCC,HCC
Independence Community College,KS,ICC,ICC
Johnson County Community College,KS,JCCC,JCCC
Concorde Career College-Kansas City,MO,CCCKC,CCCKC
Kansas City Kansas Community College,KS,KCKCC,KCKCC
Kansas Christian College,KS,KCC,KCC
University of Kansas,KS,UK,UK
Newman University,KS,NU,NU
Old Town Barber College,KS,OTBC,OTBC
Kansas State University,KS,KSU,KSU
Kansas Wesleyan University,KS,KWU,KWU
Washburn Institute of Technology,KS,WIT,WIT
Labette Community College,KS,LCC,LCC
Manhattan Area Technical College,KS,MATC,MATC
Manhattan Christian College,KS,MCC,MCC
McPherson College,KS,MC,MC
MidAmerica Nazarene University,KS,MNU,MNU
Neosho County Community College,KS,NCCC,NCCC
Fort Hays Tech North Central,KS,FHTNC,FHTNC
Fort Hays State University-Northwest Kansas Technical College,KS,FHSUNKTC,FHSUNKTC
Ottawa University-Ottawa,KS,OUO,OUO
Ottawa University-Kansas City,KS,OUKC,OUKC
Pittsburg State University,KS,PSU,PSU
Pratt Community College,KS,PCC,PCC
University of Saint Mary,KS,USM,USM
Salina Area Technical College,KS,SATC,SATC
Seward County Community College,KS,SCCC,SCCC
Sterling College,KS,SC,SC
Tabor College,KS,TC,TC
Washburn University,KS,WU,WU
Wichita State University-Campus of Applied Sciences and Technology,KS,WSUCAST,WSUCAST
Wichita State University,KS,WSU,WSU
Wichita Technical Institute,KS,WTI,WTI
Alice Lloyd College,KY,ALC,ALC
Asbury University,KY,AU,AU
Asbury Theological Seminary,KY,ATS,ATS
Ashland Community and Technical College,KY,ACTC,ACTC
Bellarmine University,KY,BU,BU
Berea College,KY,BC,BC
PJ's College of Cosmetology-Bowling Green,KY,PCCBG,PCCBG
Southcentral Kentucky Community and Technical College,KY,SKCTC,SKCTC
Brescia University,KY,BU,BU
Campbellsville University,KY,CU,CU
Bluegrass Community and Technical College,KY,BCTC,BCTC
Centre College,KY,CC,CC
Clear Creek Baptist Bible College,KY,CCBBC,CCBBC
Paul Mitchell the School-Lexington,KY,PMSL,PMSL
Galen College of Nursing-Louisville,KY,GCNL,GCNL
University of the Cumberlands,KY,UC,UC
Eastern Kentucky University,KY,EKU,EKU
Elizabethtown Community and Technical College,KY,ECTC,ECTC
Frontier Nursing University,KY,FNU,FNU
Georgetown College,KY,GC,GC
PJ's College of Cosmetology-Glasgow,KY,PCCG,PCCG
Hazard Community and Technical College,KY,HCTC,HCTC
Paul Mitchell the School-Louisville,KY,PMSL,PMSL
Henderson Community College,KY,HCC,HCC
Hopkinsville Community College,KY,HCC,HCC
Jefferson Community and Technical College,KY,JCTC,JCTC
Summit Salon Academy-Lexington,KY,SSAL,SSAL
American National University-Louisville,KY,ANUL,ANUL
Kentucky Mountain Bible College,KY,KMBC,KMBC
Kentucky State University,KY,KSU,KSU
Kentucky Wesleyan College,KY,KWC,KWC
University of Kentucky,KY,UK,UK
Kentucky Christian University,KY,KCU,KCU
Lexington Theological Seminary,KY,LTS,LTS
Lindsey Wilson University,KY,LWU,LWU
University of Louisville,KY,UL,UL
Louisville Presbyterian Theological Seminary,KY,LPTS,LPTS
Madisonville Community College,KY,MCC,MCC
Maysville Community and Technical College,KY,MCTC,MCTC
Midway University,KY,MU,MU
Morehead State University,KY,MSU,MSU
Murray State University,KY,MSU,MSU
Gateway Community and Technical College,KY,GCTC,GCTC
Northern Kentucky University,KY,NKU,NKU
West Kentucky Community and Technical College,KY,WKCTC,WKCTC
University of Pikeville,KY,UP,UP
Big Sandy Community and Technical College,KY,BSCTC,BSCTC
Empire Beauty School-Chenoweth,KY,EBSC,EBSC
Empire Beauty School-Elizabethtown,KY,EBSE,EBSE
Empire Beauty School-Dixie,KY,EBSD,EBSD
Empire Beauty School-Florence,KY,EBSF,EBSF
Somerset Community College,KY,SCC,SCC
Southeast Kentucky Community & Technical College,KY,SKCTC,SKCTC
The Southern Baptist Theological Seminary,KY,SBTS,SBTS
Spalding University,KY,SU,SU
Sullivan University,KY,SU,SU
Thomas More University,KY,TMU,TMU
Transylvania University,KY,TU,TU
Union Commonwealth University,KY,UCU,UCU
Western Kentucky University,KY,WKU,WKU
Central Louisiana Technical Community College,LA,CLTCC,CLTCC
Ayers Career College,LA,ACC,ACC
Baton Rouge General Medical Center School of Nursing & School of Radiologic Technology,LA,BRGMCSNSRT,BRGMCSNSRT
Bossier Parish Community College,LA,BPCC,BPCC
Centenary College of Louisiana,LA,CCL,CCL
Cloyd's Beauty School 1 Inc,LA,CBSI,CBSI
Crescent City Bartending School,LA,CCBS,CCBS
Delgado Community College,LA,DCC,DCC
Delta College West,LA,DCW,DCW
Denham Springs Beauty School,LA,DSBS,DSBS
Dillard University,LA,DU,DU
Nunez Community College,LA,NCC,NCC
Grambling State University,LA,GSU,GSU
Belbo Beauty Institute,LA,BBI,BBI
ITI Technical College,LA,ITC,ITC
John Jay Beauty College,LA,JJBC,JJBC
Louisiana State University Health Sciences Center-New Orleans,LA,LSUHSCNO,LSUHSCNO
Louisiana State University at Alexandria,LA,LSUA,LSUA
Louisiana State University and Agricultural & Mechanical College,LA,LSUAMC,LSUAMC
Louisiana State University-Eunice,LA,LSUE,LSUE
Louisiana State University-Shreveport,LA,LSUS,LSUS
Aveda Arts & Sciences Institute-Baton Rouge,LA,AASIBR,AASIBR
Aveda Arts & Sciences Institute-Lafayette,LA,AASIL,AASIL
Louisiana Christian University,LA,LCU,LCU
Opelousas School of Cosmetology,LA,OSC,OSC
Louisiana Tech University,LA,LTU,LTU
Loyola University New Orleans,LA,LUNO,LUNO
McNeese State University,LA,MSU,MSU
University of New Orleans,LA,UNO,UNO
New Orleans Baptist Theological Seminary,LA,NOBTS,NOBTS
Nicholls State University,LA,NSU,NSU
University of Louisiana at Monroe,LA,ULM,ULM
Northwest Louisiana Technical Community College,LA,NLTCC,NLTCC
Northwestern State University of Louisiana,LA,NSUL,NSUL
University of Holy Cross,LA,UHC,UHC
Franciscan Missionaries of Our Lady University,LA,FMOLU,FMOLU
Celebrity Stylist Beauty School,LA,CSBS,CSBS
Pineville Beauty School,LA,PBS,PBS
Aveda Arts & Sciences Institute-Covington,LA,AASIC,AASIC
Saint Joseph Seminary College,LA,SJSC,SJSC
LaSalle Tech,LA,LT,LT
Fletcher Technical Community College,LA,FTCC,FTCC
Remington College-Lafayette Campus,LA,RCLC,RCLC
SOWELA Technical Community College,LA,STCC,STCC
Southeastern Louisiana University,LA,SLU,SLU
Southern University and A & M College,LA,SUMC,SUMC
Southern University at New Orleans,LA,SUNO,SUNO
Southern University at Shreveport,LA,SUS,SUS
University of Louisiana at Lafayette,LA,ULL,ULL
Northshore Technical Community College,LA,NTCC,NTCC
Tulane University of Louisiana,LA,TUL,TUL
Xavier University of Louisiana,LA,XUL,XUL
College of the Atlantic,ME,CA,CA
Bates College,ME,BC,BC
Beal University,ME,BU,BU
Bowdoin College,ME,BC,BC
Maine College of Health Professions,ME,MCHP,MCHP
Central Maine Community College,ME,CMCC,CMCC
Colby College,ME,CC,CC
Eastern Maine Community College,ME,EMCC,EMCC
Kennebec Valley Community College,ME,KVCC,KVCC
The Landing School,ME,LS,LS
University of Maine at Augusta,ME,UMA,UMA
University of Maine at Farmington,ME,UMF,UMF
University of Maine at Fort Kent,ME,UMFK,UMFK
University of Maine,ME,UM,UM
Maine Maritime Academy,ME,MMA,MMA
University of Maine at Presque Isle,ME,UMPI,UMPI
University of New England,ME,UNE,UNE
Northern Maine Community College,ME,NMCC,NMCC
Empire Beauty School-Maine,ME,EBSM,EBSM
Maine College of Art & Design,ME,MCAD,MCAD
Saint Joseph's College of Maine,ME,SJCM,SJCM
Spa Tech Institute-Westbrook,ME,STIW,STIW
Southern Maine Community College,ME,SMCC,SMCC
University of Southern Maine,ME,USM,USM
Thomas College,ME,TC,TC
Unity Environmental University,ME,UEU,UEU
Washington County Community College,ME,WCCC,WCCC
Allegany College of Maryland,MD,ACM,ACM
Anne Arundel Community College,MD,AACC,AACC
Award Beauty School,MD,ABS,ABS
Baltimore Studio of Hair Design,MD,BSHD,BSHD
Baltimore City Community College,MD,BCCC,BCCC
University of Baltimore,MD,UB,UB
Bowie State University,MD,BSU,BSU
Capitol Technology University,MD,CTU,CTU
Cecil College,MD,CC,CC
College of Southern Maryland,MD,CSM,CSM
Chesapeake College,MD,CC,CC
Washington Adventist University,MD,WAU,WAU
Coppin State University,MD,CSU,CSU
Del-Mar-Va Beauty Academy,MD,DMVBA,DMVBA
North American Trade Schools,MD,NATS,NATS
Frederick Community College,MD,FCC,FCC
Frostburg State University,MD,FSU,FSU
Garrett College,MD,GC,GC
Goucher College,MD,GC,GC
Hagerstown Community College,MD,HCC,HCC
Harford Community College,MD,HCC,HCC
Hood College,MD,HC,HC
Howard Community College,MD,HCC,HCC
Aveda Institute-Maryland,MD,AIM,AIM
Johns Hopkins University,MD,JHU,JHU
Lincoln College of Technology-Columbia,MD,LCTC,LCTC
Loyola University Maryland,MD,LUM,LUM
University of Maryland Global Campus,MD,UMGC,UMGC
University of Maryland Baltimore,MD,UMB,UMB
University of Maryland-Baltimore County,MD,UMBC,UMBC
University of Maryland-College Park,MD,UMCP,UMCP
Maryland Institute College of Art,MD,MICA,MICA
University of Maryland Eastern Shore,MD,UMES,UMES
Fortis Institute-Towson,MD,FIT,FIT
Montgomery Beauty School,MD,MBS,MBS
Montgomery College,MD,MC,MC
Morgan State University,MD,MSU,MSU
Mount St. Mary's University,MD,MSMU,MSMU
Ner Israel Rabbinical College,MD,NIRC,NIRC
Hair Academy,MD,HA,HA
Notre Dame of Maryland University,MD,NDMU,NDMU
Prince George's Community College,MD,PGCC,PGCC
Maryland Beauty Academy of Essex,MD,MBAE,MBAE
Salisbury University,MD,SU,SU
St. Mary's College of Maryland,MD,SMCM,SMCM
Towson University,MD,TU,TU
United States Naval Academy,MD,USNA,USNA
Stevenson University,MD,SU,SU
Washington College,MD,WC,WC
McDaniel College,MD,MC,MC
Wor-Wic Community College,MD,WWCC,WWCC
Hult International Business School,MA,HIBS,HIBS
American International College,MA,AIC,AIC
Amherst College,MA,AC,AC
Anna Maria College,MA,AMC,AMC
Assabet Valley Regional Technical School,MA,AVRTS,AVRTS
Assumption University,MA,AU,AU
Babson College,MA,BC,BC
Boston Baptist College,MA,BBC,BBC
Bay Path University,MA,BPU,BPU
Bentley University,MA,BU,BU
Berklee College of Music,MA,BCM,BCM
Berkshire Community College,MA,BCC,BCC
Boston Architectural College,MA,BAC,BAC
Boston Graduate School of Psychoanalysis Inc,MA,BGSPI,BGSPI
Boston College,MA,BC,BC
Boston University,MA,BU,BU
Brandeis University,MA,BU,BU
Bridgewater State University,MA,BSU,BSU
Bristol Community College,MA,BCC,BCC
Signature Healthcare Brockton Hospital School of Nursing,MA,SHBHSN,SHBHSN
Bunker Hill Community College,MA,BHCC,BHCC
Cambridge College,MA,CC,CC
Cape Cod Community College,MA,CCCC,CCCC
Catherine Hinds Institute of Esthetics,MA,CHIE,CHIE
Laboure College of Healthcare,MA,LCH,LCH
Clark University,MA,CU,CU
Conway School of Landscape Design,MA,CSLD,CSLD
Curry College,MA,CC,CC
Dean College,MA,DC,DC
Diman Regional Technical Institute,MA,DRTI,DRTI
National Aviation Academy of New England,MA,NAANE,NAANE
Emerson College,MA,EC,EC
Emmanuel College,MA,EC,EC
Endicott College,MA,EC,EC
Rob Roy Academy-Fall River,MA,RRAFR,RRAFR
Fisher College,MA,FC,FC
Fitchburg State University,MA,FSU,FSU
Framingham State University,MA,FSU,FSU
Benjamin Franklin Cummings Institute of Technology,MA,BFCIT,BFCIT
Gordon College,MA,GC,GC
Gordon-Conwell Theological Seminary,MA,GCTS,GCTS
Greenfield Community College,MA,GCC,GCC
Hampshire College,MA,HC,HC
Harvard University,MA,HU,HU
Hebrew College,MA,HC,HC
Hellenic College-Holy Cross Greek Orthodox School of Theology,MA,HCHCGOST,HCHCGOST
College of the Holy Cross,MA,CHC,CHC
Holyoke Community College,MA,HCC,HCC
Lasell University,MA,LU,LU
Lawrence Memorial Hospital School of Nursing,MA,LMHSN,LMHSN
Lesley University,MA,LU,LU
Longy School of Music of Bard College,MA,LSMBC,LSMBC
Lowell Academy Hairstyling Institute,MA,LAHI,LAHI
University of Massachusetts-Lowell,MA,UML,UML
University of Massachusetts-Amherst,MA,UMA,UMA
University of Massachusetts-Boston,MA,UMB,UMB
Massachusetts Bay Community College,MA,MBCC,MBCC
Massachusetts College of Pharmacy and Health Sciences,MA,MCPHS,MCPHS
Massachusetts College of Art and Design,MA,MCAD,MCAD
Massachusetts Institute of Technology,MA,MIT,MIT
Massachusetts Maritime Academy,MA,MMA,MMA
University of Massachusetts Chan Medical School,MA,UMCMS,UMCMS
William James College,MA,WJC,WJC
Massachusetts School of Barbering,MA,MSB,MSB
Massasoit Community College,MA,MCC,MCC
Merrimack College,MA,MC,MC
MGH Institute of Health Professions,MA,MIHP,MIHP
Middlesex Community College,MA,MCC,MCC
Montserrat College of Art,MA,MCA,MCA
Mount Holyoke College,MA,MHC,MHC
Mount Wachusett Community College,MA,MWCC,MWCC
Rob Roy Academy-New Bedford,MA,RRANB,RRANB
The New England Conservatory of Music,MA,NECM,NECM
New England College of Optometry,MA,NECO,NECO
New England Law-Boston,MA,NELB,NELB
Nichols College,MA,NC,NC
Massachusetts College of Liberal Arts,MA,MCLA,MCLA
North Bennet Street School,MA,NBSS,NBSS
North Shore Community College,MA,NSCC,NSCC
Northeastern University,MA,NU,NU
Northern Essex Community College,MA,NECC,NECC
College of Our Lady of the Elms,MA,COLE,COLE
Quincy College,MA,QC,QC
Quinsigamond Community College,MA,QCC,QCC
Regis College,MA,RC,RC
Roxbury Community College,MA,RCC,RCC
Saint John's Seminary,MA,SJS,SJS
Salem State University,MA,SSU,SSU
Simmons University,MA,SU,SU
Simon's Rock at Bard College,NY,SRBC,SRBC
Smith College,MA,SC,SC
Southeastern Technical Institute,MA,STI,STI
Springfield College,MA,SC,SC
Springfield Technical Community College,MA,STCC,STCC
University of Massachusetts-Dartmouth,MA,UMD,UMD
Stonehill College,MA,SC,SC
Suffolk University,MA,SU,SU
Rob Roy Academy-Taunton,MA,RRAT,RRAT
Tufts University,MA,TU,TU
Wellesley College,MA,WC,WC
Wentworth Institute of Technology,MA,WIT,WIT
Western New England University,MA,WNEU,WNEU
Westfield State University,MA,WSU,WSU
Wheaton College (Massachusetts),MA,WCM,WCM
Williams College,MA,WC,WC
Worcester Polytechnic Institute,MA,WPI,WPI
Worcester State University,MA,WSU,WSU
Adrian College,MI,AC,AC
Albion College,MI,AC,AC
Hillsdale Beauty College,MI,HBC,HBC
Northwestern Technological Institute,MI,NTI,NTI
Alma College,MI,AC,AC
Alpena Community College,MI,ACC,ACC
Andrews University,MI,AU,AU
Aquinas College,MI,AC,AC
Baker College,MI,BC,BC
Bay de Noc Community College,MI,BDNCC,BDNCC
Bayshire Academy of Beauty Craft Inc,MI,BABCI,BABCI
Calvin University,MI,CU,CU
Calvin Theological Seminary,MI,CTS,CTS
Carnegie Institute,MI,CI,CI
Michigan School of Psychology,MI,MSP,MSP
Central Michigan University,MI,CMU,CMU
Mott Community College,MI,MCC,MCC
Empire Beauty School-Michigan,MI,EBSM,EBSM
Cleary University,MI,CU,CU
Concordia University Ann Arbor,MI,CUAA,CUAA
Cranbrook Academy of Art,MI,CAA,CAA
College for Creative Studies,MI,CCS,CCS
Davenport University,MI,DU,DU
David Pressley School of Cosmetology,MI,DPSC,DPSC
Delta College,MI,DC,DC
Detroit Business Institute-Downriver,MI,DBID,DBID
Universal Technical Institute-Canton,MI,UTIC,UTIC
University of Detroit Mercy,MI,UDM,UDM
Dorsey College,MI,DC,DC
Eastern Michigan University,MI,EMU,EMU
Creative Hair School of Cosmetology,MI,CHSC,CHSC
Ferris State University,MI,FSU,FSU
Glen Oaks Community College,MI,GOCC,GOCC
Kettering University,MI,KU,KU
Gogebic Community College,MI,GCC,GCC
Grace Christian University,MI,GCU,GCU
Cornerstone University,MI,CU,CU
Grand Rapids Community College,MI,GRCC,GRCC
Grand Valley State University,MI,GVSU,GVSU
Great Lakes Christian College,MI,GLCC,GLCC
Henry Ford College,MI,HFC,HFC
Hillsdale College,MI,HC,HC
Hope College,MI,HC,HC
Jackson College,MI,JC,JC
Kalamazoo College,MI,KC,KC
Kalamazoo Valley Community College,MI,KVCC,KVCC
Kellogg Community College,MI,KCC,KCC
Kirtland Community College,MI,KCC,KCC
Michigan College of Beauty-Monroe,MI,MCBM,MCBM
Lake Michigan College,MI,LMC,LMC
Lake Superior State University,MI,LSSU,LSSU
Lansing Community College,MI,LCC,LCC
Lawrence Technological University,MI,LTU,LTU
M J Murphy Beauty College of Mount Pleasant,MI,MJMBCMP,MJMBCMP
Macomb Community College,MI,MCC,MCC
Madonna University,MI,MU,MU
Rochester Christian University,MI,RCU,RCU
University of Michigan-Ann Arbor,MI,UMAA,UMAA
Michigan State University,MI,MSU,MSU
Michigan Technological University,MI,MTU,MTU
University of Michigan-Dearborn,MI,UMD,UMD
University of Michigan-Flint,MI,UMF,UMF
Mid Michigan College,MI,MMC,MMC
Monroe County Community College,MI,MCCC,MCCC
Montcalm Community College,MI,MCC,MCC
Muskegon Community College,MI,MCC,MCC
North Central Michigan College,MI,NCMC,NCMC
Northern Michigan University,MI,NMU,NMU
Northwestern Michigan College,MI,NMC,NMC
Northwood University,MI,NU,NU
Oakland Community College,MI,OCC,OCC
Oakland University,MI,OU,OU
The University of Olivet,MI,UO,UO
Port Huron Cosmetology College,MI,PHCC,PHCC
Kuyper College,MI,KC,KC
Ross Medical Education Center-Lansing,MI,RMECL,RMECL
Ross Medical Education Center-Warren,MI,RMECW,RMECW
Ross Medical Education Center-Flint,MI,RMECF,RMECF
Sacred Heart Major Seminary,MI,SHMS,SHMS
Saginaw Valley State University,MI,SVSU,SVSU
Schoolcraft Community College District,MI,SCCD,SCCD
Siena Heights University,MI,SHU,SHU
St Clair County Community College,MI,SCCCC,SCCCC
Southwestern Michigan College,MI,SMC,SMC
Spring Arbor University,MI,SAU,SAU
Michigan Career and Technical Institute,MI,MCTI,MCTI
Thomas M Cooley Law School,MI,TMCLS,TMCLS
Twin City Beauty College,MI,TCBC,TCBC
Walsh College,MI,WC,WC
Washtenaw Community College,MI,WCC,WCC
Wayne County Community College District,MI,WCCCD,WCCCD
Wayne State University,MI,WSU,WSU
West Shore Community College,MI,WSCC,WSCC
Paul Mitchell the School-Grand Rapids,MI,PMSGR,PMSGR
Western Michigan University,MI,WMU,WMU
Western Theological Seminary,MI,WTS,WTS
Academy College,MN,AC,AC
Alexandria Technical & Community College,MN,ATCC,ATCC
Anoka Technical College,MN,ATC,ATC
Anoka-Ramsey Community College,MN,ARCC,ARCC
Augsburg University,MN,AU,AU
Riverland Community College,MN,RCC,RCC
Northwest Technical College,MN,NTC,NTC
Bemidji State University,MN,BSU,BSU
Bethany Lutheran College,MN,BLC,BLC
Central Lakes College-Brainerd,MN,CLCB,CLCB
Carleton College,MN,CC,CC
Concordia College at Moorhead,MN,CCM,CCM
Concordia University-Saint Paul,MN,CUSP,CUSP
Dakota County Technical College,MN,DCTC,DCTC
Martin Luther College,MN,MLC,MLC
Lake Superior College,MN,LSC,LSC
Minnesota State Community and Technical College,MN,MSCTC,MSCTC
Minnesota West Community and Technical College,MN,MWCTC,MWCTC
Gustavus Adolphus College,MN,GAC,GAC
Hamline University,MN,HU,HU
Hazelden Betty Ford Graduate School,MN,HBFGS,HBFGS
Hennepin Technical College,MN,HTC,HTC
Minnesota North College,MN,MNC,MNC
Aveda Arts & Sciences Institute Minneapolis,MN,AASIM,AASIM
Inver Hills Community College,MN,IHCC,IHCC
Luther Seminary,MN,LS,LS
Macalester College,MN,MC,MC
South Central College,MN,SCC,SCC
Minnesota State University-Mankato,MN,MSUM,MSUM
Mayo Clinic College of Medicine and Science,MN,MCCMS,MCCMS
Metropolitan State University,MN,MSU,MSU
University of Minnesota-Twin Cities,MN,UMTC,UMTC
University of Minnesota-Crookston,MN,UMC,UMC
Minneapolis College of Art and Design,MN,MCAD,MCAD
Minneapolis Community and Technical College,MN,MCTC,MCTC
Herzing University-Minneapolis,MN,HUM,HUM
University of Minnesota-Duluth,MN,UMD,UMD
University of Minnesota-Morris,MN,UMM,UMM
Model College of Hair Design,MN,MCHD,MCHD
Minnesota State University Moorhead,MN,MSUM,MSUM
North Hennepin Community College,MN,NHCC,NHCC
Normandale Community College,MN,NCC,NCC
North Central University,MN,NCU,NCU
Northland Community and Technical College,MN,NCTC,NCTC
University of Northwestern-St Paul,MN,UNSP,UNSP
Northwestern Health Sciences University,MN,NHSU,NHSU
Oak Hills Christian College,MN,OHCC,OHCC
Pine Technical & Community College,MN,PTCC,PTCC
Rochester Community and Technical College,MN,RCTC,RCTC
College of Saint Benedict,MN,CSB,CSB
St Cloud Technical and Community College,MN,SCTCC,SCTCC
Saint Cloud State University,MN,SCSU,SCSU
Saint Johns University,MN,SJU,SJU
Saint Mary's University of Minnesota,MN,SMUM,SMUM
St Olaf College,MN,SOC,SOC
Crown College,MN,CC,CC
The College of Saint Scholastica,MN,CSS,CSS
University of St Thomas,MN,UST,UST
Empire Beauty School-Bloomington,MN,EBSB,EBSB
St Catherine University,MN,SCU,SCU
Rasmussen University-Minnesota,MN,RUM,RUM
Saint Paul College,MN,SPC,SPC
Southwest Minnesota State University,MN,SMSU,SMSU
Summit Academy Opportunities Industrialization Center,MN,SAOIC,SAOIC
United Theological Seminary of the Twin Cities,MN,UTSTC,UTSTC
Dunwoody College of Technology,MN,DCT,DCT
Ridgewater College,MN,RC,RC
Minnesota State College Southeast,MN,MSCS,MSCS
Winona State University,MN,WSU,WSU
Mitchell Hamline School of Law,MN,MHSL,MHSL
Century College,MN,CC,CC
Alcorn State University,MS,ASU,ASU
Belhaven University,MS,BU,BU
Blue Mountain Christian University,MS,BMCU,BMCU
Chris Beauty College,MS,CBC,CBC
Coahoma Community College,MS,CCC,CCC
Copiah-Lincoln Community College,MS,CLCC,CLCC
Delta State University,MS,DSU,DSU
East Central Community College,MS,ECCC,ECCC
East Mississippi Community College,MS,EMCC,EMCC
Fosters Cosmetology College,MS,FCC,FCC
Academy of Hair Design-Grenada,MS,AHDG,AHDG
Hinds Community College,MS,HCC,HCC
Holmes Community College,MS,HCC,HCC
Itawamba Community College,MS,ICC,ICC
Jackson State University,MS,JSU,JSU
Jones County Junior College,MS,JCJC,JCJC
Meridian Community College,MS,MCC,MCC
Millsaps College,MS,MC,MC
Mississippi Delta Community College,MS,MDCC,MDCC
University of Mississippi,MS,UM,UM
Mississippi University for Women,MS,MUW,MUW
Mississippi Valley State University,MS,MVSU,MVSU
Mississippi Christian University,MS,MCU,MCU
Hatfield's Mississippi College of Beauty Culture,MS,HMCBC,HMCBC
Mississippi Gulf Coast Community College,MS,MGCCC,MGCCC
Mississippi State University,MS,MSU,MSU
Northeast Mississippi Community College,MS,NMCC,NMCC
Northwest Mississippi Community College,MS,NMCC,NMCC
Pearl River Community College,MS,PRCC,PRCC
Rust College,MS,RC,RC
Southeastern Baptist College,MS,SBC,SBC
Southwest Mississippi Community College,MS,SMCC,SMCC
University of Southern Mississippi,MS,USM,USM
Tougaloo College,MS,TC,TC
Vaughn Beauty College,MS,VBC,VBC
Wesley Biblical Seminary,MS,WBS,WBS
William Carey University,MS,WCU,WCU
Aquinas Institute of Theology,MO,AIT,AIT
Avila University,MO,AU,AU
Mission University,MO,MU,MU
House of Heavilin Beauty College-Blue Springs,MO,HHBCBS,HHBCBS
Cox College,MO,CC,CC
Calvary University,MO,CU,CU
Cape Girardeau Career and Technology Center,MO,CGCTC,CGCTC
Central Christian College of the Bible,MO,CCCB,CCCB
Central Methodist University-College of Liberal Arts and Sciences,MO,CMUCLAS,CMUCLAS
University of Central Missouri,MO,UCM,UCM
Grand River Technical School,MO,GRTS,GRTS
Cleveland University-Kansas City,KS,CUKC,CUKC
Conception Seminary College,MO,CSC,CSC
Concordia Seminary,MO,CS,CS
Cottey College,MO,CC,CC
Covenant Theological Seminary,MO,CTS,CTS
Crowder College,MO,CC,CC
Culver-Stockton College,MO,CSC,CSC
Drury University,MO,DU,DU
East Central College,MO,ECC,ECC
Eden Theological Seminary,MO,ETS,ETS
Pinnacle Career Institute,MO,PCI,PCI
Evangel University,MO,EU,EU
Four Rivers Career Center,MO,FRCC,FRCC
Ozarks Technical Community College,MO,OTCC,OTCC
Hannibal-LaGrange University,MO,HLU,HLU
Harris-Stowe State University,MO,HSSU,HSSU
House of Heavilin Beauty College-Kansas City,MO,HHBCKC,HHBCKC
Summit Salon Academy Kansas City,MO,SSAKC,SSAKC
Jefferson College,MO,JC,JC
Paul Mitchell the School-Missouri Columbia,MO,PMSMC,PMSMC
Barnes-Jewish College Goldfarb School of Nursing,MO,BJCGSN,BJCGSN
Kansas City Art Institute,MO,KCAI,KCAI
Kenrick Glennon Seminary,MO,KGS,KGS
A T Still University of Health Sciences,MO,TSUHS,TSUHS
Lex La-Ray Technical Center,MO,LLRTC,LLRTC
Lindenwood University,MO,LU,LU
State Technical College of Missouri,MO,STCM,STCM
Logan University,MO,LU,LU
Metropolitan Community College-Kansas City,MO,MCCKC,MCCKC
Maryville University of Saint Louis,MO,MUSL,MUSL
Missouri College of Cosmetology and Esthetics,MO,MCCE,MCCE
Midwest Institute,MO,MI,MI
Midwestern Baptist Theological Seminary,MO,MBTS,MBTS
Mineral Area College,MO,MAC,MAC
Missouri Baptist University,MO,MBU,MBU
Missouri Southern State University,MO,MSSU,MSSU
Missouri Valley College,MO,MVC,MVC
Missouri Western State University,MO,MWSU,MWSU
University of Missouri-Columbia,MO,UMC,UMC
University of Missouri-Kansas City,MO,UMKC,UMKC
Missouri University of Science and Technology,MO,MUST,MUST
University of Missouri-St Louis,MO,UMSL,UMSL
Moberly Area Community College,MO,MACC,MACC
Nazarene Theological Seminary,MO,NTS,NTS
Neosho Beauty and Barber College,MO,NBBC,NBBC
Truman State University,MO,TSU,TSU
Northwest Missouri State University,MO,NMSU,NMSU
Ozark Christian College,MO,OCC,OCC
College of the Ozarks,MO,CO,CO
Park University,MO,PU,PU
Stevens-The Institute of Business & Arts,MO,SIBA,SIBA
Ranken Technical College,MO,RTC,RTC
Research College of Nursing,MO,RCN,RCN
Rockhurst University,MO,RU,RU
Saint Louis University,MO,SLU,SLU
Salem College of Hairstyling,MO,SCH,SCH
University of Health Sciences and Pharmacy in St. Louis,MO,UHSPSL,UHSPSL
Saint Louis Community College,MO,SLCC,SLCC
Saint Paul School of Theology,KS,SPST,SPST
Southwest Baptist University,MO,SBU,SBU
Missouri State University-West Plains,MO,MSUWP,MSUWP
St Louis College of Health Careers-St Louis,MO,SLCHCSL,SLCHCSL
State Fair Community College,MO,SFCC,SFCC
Stephens College,MO,SC,SC
Southeast Missouri State University,MO,SMSU,SMSU
Missouri State University-Springfield,MO,MSUS,MSUS
Three Rivers College,MO,TRC,TRC
North Central Missouri College,MO,NCMC,NCMC
Kansas City University,MO,KCU,KCU
Washington University in St Louis,MO,WUSL,WUSL
Webster University,MO,WU,WU
Westminster College,MO,WC,WC
William Jewell College,MO,WJC,WJC
William Woods University,MO,WWU,WWU
Academy of Cosmetology Inc,MT,ACI,ACI
Blackfeet Community College,MT,BCC,BCC
Highlands College of Montana Tech,MT,HCMT,HCMT
Crevier's Academy of Cosmetology Arts,MT,CACA,CACA
Carroll College,MT,CC,CC
Dawson Community College,MT,DCC,DCC
Chief Dull Knife College,MT,CDKC,CDKC
Montana State University Billings,MT,MSUB,MSUB
Flathead Valley Community College,MT,FVCC,FVCC
Aaniiih Nakoda College,MT,ANC,ANC
Fort Peck Community College,MT,FPCC,FPCC
Great Falls College Montana State University,MT,GFCMSU,GFCMSU
University of Providence,MT,UP,UP
Helena College University of Montana,MT,HCUM,HCUM
Little Big Horn College,MT,LBHC,LBHC
Miles Community College,MT,MCC,MCC
Montana Technological University,MT,MTU,MTU
Montana State University,MT,MSU,MSU
The University of Montana,MT,UM,UM
Montana State University-Northern,MT,MSUN,MSUN
Rocky Mountain College,MT,RMC,RMC
Salish Kootenai College,MT,SKC,SKC
The University of Montana-Western,MT,UMW,UMW
Bellevue University,NE,BU,BU
Clarkson College,NE,CC,CC
Bryan College of Health Sciences,NE,BCHS,BCHS
Central Community College,NE,CCC,CCC
Chadron State College,NE,CSC,CSC
College of Hair Design-Downtown,NE,CHDD,CHDD
Concordia University-Nebraska,NE,CUN,CUN
Creighton University,NE,CU,CU
Doane University,NE,DU,DU
Hastings College,NE,HC,HC
CHI Health School of Radiologic Technology,NE,CHSRT,CHSRT
Joseph's College Cosmetology,NE,JCC,JCC
University of Nebraska at Kearney,NE,UNK,UNK
Nebraska Methodist College of Nursing & Allied Health,NE,NMCNAH,NMCNAH
Metropolitan Community College Area,NE,MCCA,MCCA
Mid-Plains Community College,NE,MPCC,MPCC
Midland University,NE,MU,MU
University of Nebraska at Omaha,NE,UNO,UNO
Nebraska Indian Community College,NE,NICC,NICC
University of Nebraska Medical Center,NE,UNMC,UNMC
Nebraska Wesleyan University,NE,NWU,NWU
University of Nebraska-Lincoln,NE,UNL,UNL
Northeast Community College,NE,NCC,NCC
Peru State College,NE,PSC,PSC
Summit Christian College,NE,SCC,SCC
College of Saint Mary,NE,CSM,CSM
Southeast Community College Area,NE,SCCA,SCCA
Union Adventist University,NE,UAU,UAU
Nebraska College of Technical Agriculture,NE,NCTA,NCTA
Wayne State College,NE,WSC,WSC
Western Nebraska Community College,NE,WNCC,WNCC
York University,NE,YU,YU
Academy of Hair Design-Las Vegas,NV,AHDLV,AHDLV
College of Southern Nevada,NV,CSN,CSN
Las Vegas College,NV,LVC,LVC
University of Nevada-Las Vegas,NV,UNLV,UNLV
University of Nevada-Reno,NV,UNR,UNR
Great Basin College,NV,GBC,GBC
Truckee Meadows Community College,NV,TMCC,TMCC
Western Nevada College,NV,WNC,WNC
Colby-Sawyer College,NH,CSC,CSC
Dartmouth College,NH,DC,DC
Empire Beauty School-Laconia,NH,EBSL,EBSL
Empire Beauty School-Somersworth,NH,EBSS,EBSS
Franklin Pierce University,NH,FPU,FPU
University of New Hampshire-Franklin Pierce School of Law,NH,UNHFPSL,UNHFPSL
Keene Beauty Academy,NH,KBA,KBA
New England College,NH,NEC,NEC
Southern New Hampshire University,NH,SNHU,SNHU
University of New Hampshire-Main Campus,NH,UNHMC,UNHMC
Keene State College,NH,KSC,KSC
University of New Hampshire at Manchester,NH,UNHM,UNHM
Plymouth State University,NH,PSU,PSU
NHTI-Concord's Community College,NH,NCCC,NCCC
White Mountains Community College,NH,WMCC,WMCC
River Valley Community College,NH,RVCC,RVCC
Lakes Region Community College,NH,LRCC,LRCC
Manchester Community College,NH,MCC,MCC
Nashua Community College,NH,NCC,NCC
Great Bay Community College,NH,GBCC,GBCC
Paul Mitchell the School-Portsmouth,NH,PMSP,PMSP
Rivier University,NH,RU,RU
Saint Anselm College,NH,SAC,SAC
St Joseph School of Nursing,NH,SJSN,SJSN
University of New Hampshire College of Professional Studies Online,NH,UNHCPSO,UNHCPSO
Thomas More College of Liberal Arts,NH,TMCLA,TMCLA
Eastwick College-Hackensack,NJ,ECH,ECH
Assumption College for Sisters,NJ,ACS,ACS
Atlantic Cape Community College,NJ,ACCC,ACCC
Fortis Institute-Wayne,NJ,FIW,FIW
Bergen Community College,NJ,BCC,BCC
Berkeley College-Woodland Park,NJ,BCWP,BCWP
Beth Medrash Govoha,NJ,BMG,BMG
Bloomfield College of Montclair State University,NJ,BCMSU,BCMSU
Brookdale Community College,NJ,BCC,BCC
Rowan College at Burlington County,NJ,RCBC,RCBC
Caldwell University,NJ,CU,CU
Camden County College,NJ,CCC,CCC
Centenary University,NJ,CU,CU
Adult and Continuing Education-BCTS,NJ,ACEB,ACEB
Lincoln Technical Institute-Iselin,NJ,LTII,LTII
American Institute-Clifton,NJ,AIC,AIC
County College of Morris,NJ,CCM,CCM
Rowan College of South Jersey-Cumberland Campus,NJ,RCSJCC,RCSJCC
Drew University,NJ,DU,DU
Lincoln Technical Institute-South Plainfield,NJ,LTISP,LTISP
Essex County College,NJ,ECC,ECC
Empire Beauty School-Union,NJ,EBSU,EBSU
Fairleigh Dickinson University-Metropolitan Campus,NJ,FDUMC,FDUMC
Felician University,NJ,FU,FU
Fairleigh Dickinson University-Florham Campus,NJ,FDUFC,FDUFC
Hohokus School of Trade and Technical Sciences,NJ,HSTTS,HSTTS
Georgian Court University,NJ,GCU,GCU
Rowan University,NJ,RU,RU
Rowan College of South Jersey-Gloucester Campus,NJ,RCSJGC,RCSJGC
Empire Beauty School-Cherry Hill,NJ,EBSCH,EBSCH
Eastwick College-Ramsey,NJ,ECR,ECR
Holy Name Medical Center-Sister Claire Tynan School of Nursing,NJ,HNMCSCTSN,HNMCSCTSN
Hudson County Community College,NJ,HCCC,HCCC
New Jersey City University,NJ,NJCU,NJCU
Kean University,NJ,KU,KU
Lincoln Technical Institute-Union,NJ,LTIU,LTIU
Rizzieri Aveda School for Beauty and Wellness,NJ,RASBW,RASBW
Mercer County Community College,NJ,MCCC,MCCC
Middlesex College,NJ,MC,MC
Monmouth University,NJ,MU,MU
Montclair State University,NJ,MSU,MSU
JFK Muhlenberg Harold B. and Dorothy A. Snyder Schools,NJ,JMHBDSS,JMHBDSS
Eastwick College-Nutley,NJ,ECN,ECN
New Brunswick Theological Seminary,NJ,NBTS,NBTS
Robert Fiance Beauty Schools-West New York,NJ,RFBSWNY,RFBSWNY
New Jersey Institute of Technology,NJ,NJIT,NJIT
Ocean County College,NJ,OCC,OCC
P B Cosmetology Education Center,NJ,PBCEC,PBCEC
Parisian Beauty School,NJ,PBS,PBS
Passaic County Community College,NJ,PCCC,PCCC
Pennco Tech-Blackwood,NJ,PTB,PTB
Princeton Theological Seminary,NJ,PTS,PTS
Princeton University,NJ,PU,PU
Rabbinical College of America,NJ,RCA,RCA
Ramapo College of New Jersey,NJ,RCNJ,RCNJ
Robert Fiance Beauty Schools,FL,RFBS,RFBS
Rider University,NJ,RU,RU
Rutgers University-Camden,NJ,RUC,RUC
Rutgers University-New Brunswick,NJ,RUNB,RUNB
Rutgers University-Newark,NJ,RUN,RUN
Capital Health School of Radiologic Technology,NJ,CHSRT,CHSRT
Capital Health School of Nursing,NJ,CHSN,CHSN
Saint Peter's University,NJ,SPU,SPU
Salem Community College,NJ,SCC,SCC
Seton Hall University,NJ,SHU,SHU
Shore Beauty School,NJ,SBS,SBS
Saint Elizabeth University,NJ,SEU,SEU
Raritan Valley Community College,NJ,RVCC,RVCC
Stevens Institute of Technology,NJ,SIT,SIT
Stockton University,NJ,SU,SU
Talmudical Academy-New Jersey,NJ,TANJ,TANJ
Aviation Institute of Maintenance-Teterboro,NJ,AIMT,AIMT
Thomas Edison State University,NJ,TESU,TESU
The College of New Jersey,NJ,CNJ,CNJ
UCNJ Union College of Union County New Jersey,NJ,UUCUCNJ,UUCUCNJ
William Paterson University of New Jersey,NJ,WPUNJ,WPUNJ
Central New Mexico Community College,NM,CNMCC,CNMCC
Navajo Technical University,NM,NTU,NTU
New Mexico State University-Dona Ana,NM,NMSUDA,NMSUDA
Clovis Community College,NM,CCC,CCC
Eastern New Mexico University-Main Campus,NM,ENMUMC,ENMUMC
Eastern New Mexico University-Roswell Campus,NM,ENMURC,ENMURC
Institute of American Indian and Alaska Native Culture and Arts Development,NM,IAIANCAD,IAIANCAD
New Mexico Highlands University,NM,NMHU,NMHU
New Mexico Junior College,NM,NMJC,NMJC
New Mexico Military Institute,NM,NMMI,NMMI
University of New Mexico-Gallup Campus,NM,UNMGC,UNMGC
New Mexico Institute of Mining and Technology,NM,NMIMT,NMIMT
University of New Mexico-Los Alamos Campus,NM,UNMLAC,UNMLAC
University of New Mexico-Main Campus,NM,UNMMC,UNMMC
New Mexico State University-Alamogordo,NM,NMSUA,NMSUA
Southeast New Mexico College,NM,SNMC,SNMC
New Mexico State University-Grants,NM,NMSUG,NMSUG
New Mexico State University-Main Campus,NM,NMSUMC,NMSUMC
University of New Mexico-Valencia County Campus,NM,UNMVCC,UNMVCC
Northern New Mexico College,NM,NNMC,NNMC
San Juan College,NM,SJC,SJC
Santa Fe Community College,NM,SFCC,SFCC
University of the Southwest,NM,US,US
Southwestern Indian Polytechnic Institute,NM,SIPI,SIPI
University of New Mexico-Taos Campus,NM,UNMTC,UNMTC
Mesalands Community College,NM,MCC,MCC
Vogue College of Cosmetology-Santa Fe,NM,VCCSF,VCCSF
Western New Mexico University,NM,WNMU,WNMU
Vaughn College of Aeronautics and Technology,NY,VCAT,VCAT
Adelphi University,NY,AU,AU
SUNY Adirondack,NY,SA,SA
Bryant & Stratton College-Albany,NY,BSCA,BSCA
Albany College of Pharmacy and Health Sciences,NY,ACPHS,ACPHS
Albany Law School,NY,ALS,ALS
Albany Medical College,NY,AMC,AMC
Alfred University,NY,AU,AU
Allen School-Brooklyn,NY,ASB,ASB
The Ailey School,NY,AS,AS
American Academy of Dramatic Arts-New York,NY,AADANY,AADANY
American Academy McAllister Institute of Funeral Service,NY,AAMIFS,AAMIFS
American Musical and Dramatic Academy,NY,AMDA,AMDA
Apex Technical School,NY,ATS,ATS
Arnot Ogden Medical Center,NY,AOMC,AOMC
Associated Beth Rivkah Schools,NY,ABRS,ABRS
Bank Street College of Education,NY,BSCE,BSCE
Bard College,NY,BC,BC
Barnard College,NY,BC,BC
Berk Trade and Business School,NY,BTBS,BTBS
Berkeley College-New York,NY,BCNY,BCNY
Berkowits School of Electrolysis,NY,BSE,BSE
Beth Hamedrash Shaarei Yosher Institute,NY,BHSYI,BHSYI
Mount Sinai Phillips School of Nursing,NY,MSPSN,MSPSN
Brittany Beauty Academy,NY,BBA,BBA
Boricua College,NY,BC,BC
American Beauty School,NY,ABS,ABS
Brooklyn Law School,NY,BLS,BLS
SUNY Broome Community College,NY,SBCC,SBCC
Bryant & Stratton College-Syracuse North,NY,BSCSN,BSCSN
Bryant & Stratton College-Buffalo,NY,BSCB,BSCB
Bryant & Stratton College-Greece,NY,BSCG,BSCG
Canisius University,NY,CU,CU
Capri Cosmetology Learning Centers,NY,CCLC,CCLC
St Paul's School of Nursing-Queens,NY,SPSNQ,SPSNQ
Cayuga County Community College,NY,CCCC,CCCC
Central Yeshiva Tomchei Tmimim Lubavitz,NY,CYTTL,CYTTL
Christine Valmy International School for Esthetics Skin Care & Makeup,NY,CVISESCM,CVISESCM
Circle in the Square Theatre School,NY,CSTS,CSTS
Clarkson University,NY,CU,CU
Clinton Community College,NY,CCC,CCC
Cochran School of Nursing,NY,CSN,CSN
Colgate Rochester Crozer Divinity School,NY,CRCDS,CRCDS
Colgate University,NY,CU,CU
Metropolitan College of New York,NY,MCNY,MCNY
Columbia University,NY,CU,Columbia
Columbia-Greene Community College,NY,CGCC,CGCC
Empire Beauty School-Queens,NY,EBSQ,EBSQ
Continental School of Beauty Culture-Rochester,NY,CSBCR,CSBCR
The Cooper Union for the Advancement of Science and Art,NY,CUASA,CUASA
Cornell University,NY,CU,CU
Weill Medical College of Cornell University,NY,WMCCU,WMCCU
SUNY Corning Community College,NY,SCCC,SCCC
Pomeroy College of Nursing at Crouse Hospital,NY,PCNCH,PCNCH
Culinary Institute of America,NY,CIA,CIA
CUNY Bernard M Baruch College,NY,CBMBC,CBMBC
CUNY Borough of Manhattan Community College,NY,CBMCC,CBMCC
CUNY Bronx Community College,NY,CBCC,CBCC
CUNY Brooklyn College,NY,CBC,CBC
College of Staten Island CUNY,NY,CSIC,CSIC
CUNY City College,NY,CCC,CCC
CUNY Graduate School and University Center,NY,CGSUC,CGSUC
CUNY Hostos Community College,NY,CHCC,CHCC
CUNY Hunter College,NY,CHC,CHC
CUNY John Jay College of Criminal Justice,NY,CJJCCJ,CJJCCJ
CUNY Kingsborough Community College,NY,CKCC,CKCC
CUNY LaGuardia Community College,NY,CLCC,CLCC
CUNY Lehman College,NY,CLC,CLC
CUNY Medgar Evers College,NY,CMEC,CMEC
CUNY New York City College of Technology,NY,CNYCCT,CNYCCT
CUNY Queens College,NY,CQC,CQC
CUNY Queensborough Community College,NY,CQCC,CQCC
CUNY School of Law,NY,CSL,CSL
CUNY York College,NY,CYC,CYC
CVPH Medical Center School of Radiologic Technology,NY,CMCSRT,CMCSRT
D'Youville  University,NY,DU,DU
Daemen University,NY,DU,DU
Yeshiva of Far Rockaway Derech Ayson Rabbinical Seminary,NY,YFRDARS,YFRDARS
Dominican University New York,NY,DUNY,DUNY
Dutchess Community College,NY,DCC,DCC
Belanger School of Nursing,NY,BSN,BSN
Elmira College,NY,EC,EC
Erie Community College,NY,ECC,ECC
Fashion Institute of Technology,NY,FIT,FIT
Finger Lakes Community College,NY,FLCC,FLCC
Five Towns College,NY,FTC,FTC
Fordham University,NY,FU,Fordham
Fulton-Montgomery Community College,NY,FMCC,FMCC
Gemological Institute of America-New York,NY,GIANY,GIANY
Genesee Community College,NY,GCC,GCC
Hamilton College,NY,HC,HC
Hartwick College,NY,HC,HC
Helene Fuld College of Nursing,NY,HFCN,HFCN
Herkimer County Community College,NY,HCCC,HCCC
Hilbert College,NY,HC,HC
Hobart William Smith Colleges,NY,HWSC,HWSC
Hofstra University,NY,HU,HU
Houghton University,NY,HU,HU
Hudson Valley Community College,NY,HVCC,HVCC
Hunter Business School,NY,HBS,HBS
Iona University,NY,IU,IU
Isabella Graham Hart School of Practical Nursing,NY,IGHSPN,IGHSPN
Ithaca College,NY,IC,IC
Jamestown Community College,NY,JCC,JCC
Jefferson Community College,NY,JCC,JCC
Jewish Theological Seminary of America,NY,JTSA,JTSA
The Juilliard School,NY,JS,JS
Kehilath Yakov Rabbinical Seminary,NY,KYRS,KYRS
Keuka College,NY,KC,KC
LIM College,NY,LC,LC
Le Moyne College,NY,LMC,LMC
Long Island University,NY,LIU,LIU
Long Island Beauty School-Hempstead,NY,LIBSH,LIBSH
Machzikei Hadath Rabbinical College,NY,MHRC,MHRC
Mandl School-The College of Allied Health,NY,MSCAH,MSCAH
Manhattan University,NY,MU,MU
Manhattan School of Music,NY,MSM,MSM
Manhattanville University,NY,MU,MU
Maria College of Albany,NY,MCA,MCA
Marion S Whelan School of Nursing of Geneva General Hospital,NY,MSWSNGGH,MSWSNGGH
Marist University,NY,MU,MU
Marymount Manhattan College,NY,MMC,MMC
St. Peter's Hospital College of Nursing,NY,SPHCN,SPHCN
Mercy University,NY,MU,MU
Mesivta Torah Vodaath Rabbinical Seminary,NY,MTVRS,MTVRS
Mesivta of Eastern Parkway-Yeshiva Zichron Meilech,NY,MEPYZM,MEPYZM
Mesivtha Tifereth Jerusalem of America,NY,MTJA,MTJA
Mildred Elley School-Albany Campus,NY,MESAC,MESAC
Mirrer Yeshiva Cent Institute,NY,MYCI,MYCI
Modern Welding School,NY,MWS,MWS
Mohawk Valley Community College,NY,MVCC,MVCC
Molloy University,NY,MU,MU
Monroe University,NY,MU,MU
Monroe Community College,NY,MCC,MCC
Mount Saint Mary College,NY,MSMC,MSMC
Montefiore School of Nursing,NY,MSN,MSN
University of Mount Saint Vincent,NY,UMSV,UMSV
Icahn School of Medicine at Mount Sinai,NY,ISMMS,ISMMS
Nassau Community College,NY,NCC,NCC
Nazareth University,NY,NU,NU
Neighborhood Playhouse School of the Theater,NY,NPST,NPST
The New School,NY,NS,The New School
Northeast College of Health Sciences,NY,NCHS,NCHS
New York Law School,NY,NYLS,NYLS
New York Medical College,NY,NYMC,NYMC
New York School for Medical and Dental Assistants,NY,NYSMDA,NYSMDA
New York University,NY,NYU,NYU
Niagara County Community College,NY,NCCC,NCCC
Niagara University,NY,NU,NU
Empire Beauty School-Peekskill,NY,EBSP,EBSP
North Country Community College,NY,NCCC,NCCC
New York College of Podiatric Medicine,NY,NYCPM,NYCPM
New York Institute of Technology,NY,NYIT,NYIT
New York School of Interior Design,NY,NYSID,NYSID
Ohr Hameir Theological Seminary,NY,OHTS,OHTS
Onondaga Community College,NY,OCC,OCC
Orange County Community College,NY,OCCC,OCCC
Otsego Area BOCES-Practical Nursing Program,NY,OABPNP,OABPNP
Pace University,NY,PU,Pace
Paul Smiths College of Arts and Science,NY,PSCAS,PSCAS
Continental School of Beauty Culture-West Seneca,NY,CSBCWS,CSBCWS
Plaza College,NY,PC,PC
Davis College,NY,DC,DC
Pratt Institute-Main,NY,PIM,PIM
Rabbinical Academy Mesivta Rabbi Chaim Berlin,NY,RAMRCB,RAMRCB
Rabbinical College Bobover Yeshiva Bnei Zion,NY,RCBYBZ,RCBYBZ
Rabbinical College Beth Shraga,NY,RCBS,RCBS
Rabbinical Seminary Mkor Chaim,NJ,RSMC,RSMC
Rabbinical College of Long Island,NY,RCLI,RCLI
Rabbinical Seminary of America,NY,RSA,RSA
Rensselaer Polytechnic Institute,NY,RPI,RPI
Roberts Wesleyan University,NY,RWU,RWU
Rochester Institute of Technology,NY,RIT,RIT
University of Rochester,NY,UR,UR
The Rockefeller University,NY,RU,RU
Rockland Community College,NY,RCC,RCC
Empire Beauty School-Manhattan,NY,EBSM,EBSM
Russell Sage College,NY,RSC,RSC
St Bernard's School of Theology and Ministry,NY,SBSTM,SBSTM
St Bonaventure University,NY,SBU,SBU
St. Francis College,NY,SFC,SFC
St. Joseph's College of Nursing,NY,SJCN,SJCN
St Lawrence University,NY,SLU,SLU
St. Thomas Aquinas College,NY,STAC,STAC
Samaritan Hospital School of Nursing,NY,SHSN,SHSN
Sarah Lawrence College,NY,SLC,SLC
Schenectady County Community College,NY,SCCC,SCCC
Sh'or Yoshuv Rabbinical College,NY,SYRC,SYRC
Siena University,NY,SU,SU
Skidmore College,NY,SC,SC
St. Joseph's University-New York,NY,SJUNY,SJUNY
Saint Vladimirs Orthodox Theological Seminary,NY,SVOTS,SVOTS
Saint Elizabeth College of Nursing,NY,SECN,SECN
St. John Fisher University,NY,SJFU,SJFU
St Paul's School of Nursing-Staten Island,NY,SPSNSI,SPSNSI
St. John's University-New York,NY,SJUNY,SJUNY
Sullivan County Community College,NY,SCCC,SCCC
SUNY College of Technology at Alfred,NY,SCTA,SCTA
SUNY College of Technology at Canton,NY,SCTC,SCTC
SUNY College of Technology at Delhi,NY,SCTD,SCTD
SUNY College of Agriculture and Technology at Cobleskill,NY,SCATC,SCATC
Farmingdale State College,NY,FSC,FSC
SUNY Morrisville,NY,SM,SM
University at Albany,NY,UA,UA
Binghamton University,NY,BU,BU
University at Buffalo,NY,UB,UB
Stony Brook University,NY,SBU,SBU
SUNY College of Environmental Science and Forestry,NY,SCESF,SCESF
SUNY Polytechnic Institute,NY,SPI,SPI
SUNY Brockport,NY,SB,SB
SUNY Buffalo State University,NY,SBSU,SBSU
State University of New York at Cortland,NY,SUNYC,SUNYC
SUNY at Fredonia,NY,SF,SF
SUNY College at Geneseo,NY,SCG,SCG
State University of New York at New Paltz,NY,SUNYNP,SUNYNP
SUNY Oneonta,NY,SO,SO
State University of New York at Oswego,NY,SUNYO,SUNYO
SUNY College at Potsdam,NY,SCP,SCP
SUNY at Purchase College,NY,SPC,SPC
SUNY College of Optometry,NY,SCO,SCO
SUNY Old Westbury,NY,SOW,SOW
State University of New York at Plattsburgh,NY,SUNYP,SUNYP
SUNY Downstate Health Sciences University,NY,SDHSU,SDHSU
Empire State University,NY,ESU,ESU
SUNY Maritime College,NY,SMC,SMC
Upstate Medical University,NY,UMU,UMU
Swedish Institute a College of Health Sciences,NY,SICHS,SICHS
Syracuse University,NY,SU,SU
Talmudical Seminary Oholei Torah,NY,TSOT,TSOT
Talmudical Institute of Upstate New York,NY,TIUNY,TIUNY
Teachers College at Columbia University,NY,TCCU,TCCU
Tompkins Cortland Community College,NY,TCCC,TCCC
Torah Temimah Talmudical Seminary,NY,TTTS,TTTS
Touro University,NY,TU,TU
Trocaire College,NY,TC,TC
Excelsior University,NY,EU,EU
Ulster County Community College,NY,UCCC,UCCC
Union College,NY,UC,UC
Union Theological Seminary,NY,UTS,UTS
United Talmudical Seminary,NY,UTS,UTS
United States Merchant Marine Academy,NY,USMMA,USMMA
United States Military Academy,NY,USMA,USMA
Utica University,NY,UU,UU
Vassar College,NY,VC,VC
Villa Maria College,NY,VMC,VMC
School of Visual Arts,NY,SVA,SVA
Wagner College,NY,WC,WC
Webb Institute,NY,WI,WI
The College of Westchester,NY,CW,CW
SUNY Westchester Community College,NY,SWCC,SWCC
Westchester School of Beauty Culture,NY,WSBC,WSBC
Word of Life Bible Institute,NY,WLBI,WLBI
Yeshiva Karlin Stolin,NY,YKS,YKS
Yeshiva Derech Chaim,NY,YDC,YDC
Yeshiva of Nitra Rabbinical College,NY,YNRC,YNRC
Yeshivath Shaar Hatorah,NY,YSH,YSH
Yeshiva University,NY,YU,YU
Yeshivath Viznitz,NY,YV,YV
Yeshivath Zichron Moshe,NY,YZM,YZM
College of the Albemarle,NC,CA,CA
South Piedmont Community College,NC,SPCC,SPCC
Appalachian State University,NC,ASU,ASU
Asheville-Buncombe Technical Community College,NC,ABTCC,ABTCC
Barton College,NC,BC,BC
Beaufort County Community College,NC,BCCC,BCCC
Belmont Abbey College,NC,BAC,BAC
Bennett College,NC,BC,BC
Bladen Community College,NC,BCC,BCC
Blue Ridge Community College,NC,BRCC,BRCC
Brevard College,NC,BC,BC
Brunswick Community College,NC,BCC,BCC
Cabarrus College of Health Sciences,NC,CCHS,CCHS
Caldwell Community College and Technical Institute,NC,CCCTI,CCCTI
Campbell University,NC,CU,CU
Cape Fear Community College,NC,CFCC,CFCC
Carteret Community College,NC,CCC,CCC
Catawba College,NC,CC,CC
Catawba Valley Community College,NC,CVCC,CVCC
Central Carolina Community College,NC,CCCC,CCCC
Central Piedmont Community College,NC,CPCC,CPCC
Chowan University,NC,CU,CU
Cleveland Community College,NC,CCC,CCC
Coastal Carolina Community College,NC,CCCC,CCCC
Craven Community College,NC,CCC,CCC
Davidson-Davie Community College,NC,DDCC,DDCC
Davidson College,NC,DC,DC
Duke University,NC,DU,DU
Durham Technical Community College,NC,DTCC,DTCC
East Carolina University,NC,ECU,ECU
Edgecombe Community College,NC,ECC,ECC
Elizabeth City State University,NC,ECSU,ECSU
Elon University,NC,EU,EU
Fayetteville Technical Community College,NC,FTCC,FTCC
Fayetteville State University,NC,FSU,FSU
Forsyth Technical Community College,NC,FTCC,FTCC
Gardner-Webb University,NC,GWU,GWU
Gaston College,NC,GC,GC
Greensboro College,NC,GC,GC
Guilford College,NC,GC,GC
Guilford Technical Community College,NC,GTCC,GTCC
Halifax Community College,NC,HCC,HCC
Haywood Community College,NC,HCC,HCC
Heritage Bible College,NC,HBC,HBC
High Point University,NC,HPU,HPU
Isothermal Community College,NC,ICC,ICC
James Sprunt Community College,NC,JSCC,JSCC
Johnson C Smith University,NC,JCSU,JCSU
Johnston Community College,NC,JCC,JCC
Lees-McRae College,NC,LMC,LMC
Lenoir Community College,NC,LCC,LCC
Lenoir-Rhyne University,NC,LRU,LRU
Leons Beauty School Inc,NC,LBSI,LBSI
Livingstone College,NC,LC,LC
Louisburg College,NC,LC,LC
Mars Hill University,NC,MHU,MHU
Martin Community College,NC,MCC,MCC
Mayland Community College,NC,MCC,MCC
McDowell Technical Community College,NC,MTCC,MTCC
Meredith College,NC,MC,MC
Methodist University,NC,MU,MU
Mitchell Community College,NC,MCC,MCC
Montgomery Community College,NC,MCC,MCC
Montreat College,NC,MC,MC
University of Mount Olive,NC,UMO,UMO
College of Wilmington,NC,CW,CW
Nash Community College,NC,NCC,NCC
North Carolina A & T State University,NC,NCTSU,NCTSU
University of North Carolina Asheville,NC,UNCA,UNCA
University of North Carolina at Chapel Hill,NC,UNCCH,UNCCH
University of North Carolina at Charlotte,NC,UNCC,UNCC
University of North Carolina at Greensboro,NC,UNCG,UNCG
North Carolina Central University,NC,NCCU,NCCU
University of North Carolina School of the Arts,NC,UNCSA,UNCSA
North Carolina State University at Raleigh,NC,NCSUR,NCSUR
North Carolina Wesleyan University,NC,NCWU,NCWU
University of North Carolina Wilmington,NC,UNCW,UNCW
Pamlico Community College,NC,PCC,PCC
William Peace University,NC,WPU,WPU
University of North Carolina at Pembroke,NC,UNCP,UNCP
Pfeiffer University,NC,PU,PU
Piedmont Community College,NC,PCC,PCC
Pitt Community College,NC,PCC,PCC
Queens University of Charlotte,NC,QUC,QUC
Randolph Community College,NC,RCC,RCC
Richmond Community College,NC,RCC,RCC
Mid-Atlantic Christian University,NC,MACU,MACU
Roanoke-Chowan Community College,NC,RCCC,RCCC
Robeson Community College,NC,RCC,RCC
Rockingham Community College,NC,RCC,RCC
Rowan-Cabarrus Community College,NC,RCCC,RCCC
Saint Augustine's University,NC,SAU,SAU
Salem College,NC,SC,SC
Sampson Community College,NC,SCC,SCC
Sandhills Community College,NC,SCC,SCC
Shaw University,NC,SU,SU
Paul Mitchell the School-Fayetteville,NC,PMSF,PMSF
Stanly Community College,NC,SCC,SCC
Southeastern Baptist Theological Seminary,NC,SBTS,SBTS
Surry Community College,NC,SCC,SCC
Alamance Community College,NC,ACC,ACC
Tri-County Community College,NC,TCCC,TCCC
Vance-Granville Community College,NC,VGCC,VGCC
Wake Forest University,NC,WFU,WFU
Wake Technical Community College,NC,WTCC,WTCC
Warren Wilson College,NC,WWC,WWC
Watts College of Nursing,NC,WCN,WCN
Wayne Community College,NC,WCC,WCC
Western Piedmont Community College,NC,WPCC,WPCC
Wilkes Community College,NC,WCC,WCC
Wilson Community College,NC,WCC,WCC
Wingate University,NC,WU,WU
Carolina Christian College,NC,CCC,CCC
Winston Salem Barber School,NC,WSBS,WSBS
Winston-Salem State University,NC,WSSU,WSSU
Western Carolina University,NC,WCU,WCU
Rasmussen University-North Dakota,ND,RUND,RUND
Bismarck State College,ND,BSC,BSC
Dickinson State University,ND,DSU,DSU
Nueta Hidatsa Sahnish College,ND,NHSC,NHSC
Josef's School of Hair Skin & Body-Grand Forks,ND,JSHSBGF,JSHSBGF
University of Jamestown,ND,UJ,UJ
Lake Region State College,ND,LRSC,LRSC
Cankdeska Cikana Community College,ND,CCCC,CCCC
University of Mary,ND,UM,UM
Mayville State University,ND,MSU,MSU
Minot State University,ND,MSU,MSU
University of North Dakota,ND,UND,UND
North Dakota State College of Science,ND,NDSCS,NDSCS
Dakota College at Bottineau,ND,DCB,DCB
North Dakota State University-Main Campus,ND,NDSUMC,NDSUMC
Williston State College,ND,WSC,WSC
Sitting Bull College,ND,SBC,SBC
Trinity Bible College and Graduate School,ND,TBCGS,TBCGS
Turtle Mountain College,ND,TMC,TMC
United Tribes Technical College,ND,UTTC,UTTC
Valley City State University,ND,VCSU,VCSU
ETI Technical College of Niles,OH,ETCN,ETCN
Air Force Institute of Technology-Graduate School of Engineering & Management,OH,AFITGSEM,AFITGSEM
Herzing University-Akron,OH,HUA,HUA
University of Akron Main Campus,OH,UAMC,UAMC
University of Akron Wayne College,OH,UAWC,UAWC
Allegheny Wesleyan College,OH,AWC,AWC
Apollo Career Center,OH,ACC,ACC
Art Academy of Cincinnati,OH,AAC,AAC
Ashland County-West Holmes Career Center,OH,ACWHCC,ACWHCC
Ashland University,OH,AU,AU
Ashtabula County Technical and Career Campus,OH,ACTCC,ACTCC
Athenaeum of Ohio,OH,AO,AO
Auburn Career Center,OH,ACC,ACC
Aultman College of Nursing and Health Sciences,OH,ACNHS,ACNHS
Baldwin Wallace University,OH,BWU,BWU
Belmont College,OH,BC,BC
Bluffton University,OH,BU,BU
Bowling Green State University-Firelands,OH,BGSUF,BGSUF
Bowling Green State University-Main Campus,OH,BGSUMC,BGSUMC
Bryant & Stratton College-Parma,OH,BSCP,BSCP
Buckeye Hills Career Center,OH,BHCC,BHCC
Butler Technology and Career Development Schools,OH,BTCDS,BTCDS
Canton City Schools Adult Career and Technical Education,OH,CCSACTE,CCSACTE
Capital University,OH,CU,CU
Case Western Reserve University,OH,CWRU,CWRU
Cedarville University,OH,CU,CU
Central Ohio Technical College,OH,COTC,COTC
Central School of Practical Nursing,OH,CSPN,CSPN
Central State University,OH,CSU,CSU
Choffin Career  and Technical Center,OH,CCTC,CCTC
The Christ College of Nursing and Health Sciences,OH,CCNHS,CCNHS
Cincinnati College of Mortuary Science,OH,CCMS,CCMS
University of Cincinnati-Main Campus,OH,UCMC,UCMC
Cincinnati State Technical and Community College,OH,CSTCC,CSTCC
University of Cincinnati-Clermont College,OH,UCCC,UCCC
University of Cincinnati-Blue Ash College,OH,UCBAC,UCBAC
Ohio Christian University,OH,OCU,OCU
Clark State College,OH,CSC,CSC
Cleveland Institute of Art,OH,CIA,CIA
Cleveland Institute of Music,OH,CIM,CIM
Cleveland State University,OH,CSU,CSU
Columbiana County Career and Technical Center,OH,CCCTC,CCCTC
Columbus College of Art & Design,OH,CCAD,CCAD
Columbus State Community College,OH,CSCC,CSCC
Cuyahoga Community College District,OH,CCCD,CCCD
Dayton Barber College,OH,DBC,DBC
University of Dayton,OH,UD,UD
Defiance College,OH,DC,DC
Denison University,OH,DU,DU
Edison State Community College,OH,ESCC,ESCC
EHOVE Career Center,OH,ECC,ECC
The University of Findlay,OH,UF,UF
Franklin University,OH,FU,FU
Gerbers Akron Beauty School,OH,GABS,GABS
Gods Bible School and College,OH,GBSC,GBSC
Good Samaritan College of Nursing and Health Science,OH,GSCNHS,GSCNHS
Great Oaks Career Campuses,OH,GOCC,GOCC
Adult and Community Education-Hudson,OH,ACEH,ACEH
Hebrew Union College-Jewish Institute of Religion,NY,HUCJIR,HUCJIR
Heidelberg University,OH,HU,HU
Hiram College,OH,HC,HC
Hobart Institute of Welding Technology,OH,HIWT,HIWT
Hocking College,OH,HC,HC
Ross Medical Education Center-Cincinnati,OH,RMECC,RMECC
John Carroll University,OH,JCU,JCU
Hondros College of Nursing,OH,HCN,HCN
Casal Aveda Institute,OH,CAI,CAI
Kent State University at Ashtabula,OH,KSUA,KSUA
Kent State University at East Liverpool,OH,KSUEL,KSUEL
Kent State University at Stark,OH,KSUS,KSUS
Kent State University at Trumbull,OH,KSUT,KSUT
Kent State University at Tuscarawas,OH,KSUT,KSUT
Kent State University at Salem,OH,KSUS,KSUS
Kent State University at Kent,OH,KSUK,KSUK
Kent State University at Geauga,OH,KSUG,KSUG
Kenyon College,OH,KC,KC
Kettering College,OH,KC,KC
Lake Erie College,OH,LEC,LEC
Lakeland Community College,OH,LCC,LCC
Collins Career Technical Center,OH,CCTC,CCTC
James A. Rhodes State College,OH,JRSC,JRSC
Ohio Business College-Sheffield,OH,OBCS,OBCS
Lorain County Community College,OH,LCCC,LCCC
Lourdes University,OH,LU,LU
Malone University,OH,MU,MU
Marietta College,OH,MC,MC
Marion Technical College,OH,MTC,MTC
Medina County Career Center,OH,MCCC,MCCC
Mercy College of Ohio,OH,MCO,MCO
Methodist Theological School in Ohio,OH,MTSO,MTSO
Miami University-Hamilton,OH,MUH,MUH
Miami University-Middletown,OH,MUM,MUM
Miami University-Oxford,OH,MUO,MUO
Moler Hollywood Beauty Academy,OH,MHBA,MHBA
Mount Carmel College of Nursing,OH,MCCN,MCCN
University of Mount Union,OH,UMU,UMU
Mount Vernon Nazarene University,OH,MVNU,MVNU
Mount St. Joseph University,OH,MSJU,MSJU
Zane State College,OH,ZSC,ZSC
Muskingum University,OH,MU,MU
National Beauty College,OH,NBC,NBC
North Central State College,OH,NCSC,NCSC
Northern Institute of Cosmetology,OH,NIC,NIC
Northwest State Community College,OH,NSCC,NSCC
Toledo Public Schools Adult and Continuing Education,OH,TPSACE,TPSACE
Northeast Ohio Medical University,OH,NOMU,NOMU
University of Northwestern Ohio,OH,UNO,UNO
Oberlin College,OH,OC,OC
Ohio Technical College,OH,OTC,OTC
Ohio Dominican University,OH,ODU,ODU
Ohio Northern University,OH,ONU,ONU
Ohio State University Agricultural Technical Institute,OH,OSUATI,OSUATI
Ohio State University-Lima Campus,OH,OSULC,OSULC
Ohio State University-Mansfield Campus,OH,OSUMC,OSUMC
Ohio State University-Marion Campus,OH,OSUMC,OSUMC
Ohio State University-Newark Campus,OH,OSUNC,OSUNC
Ohio State Beauty Academy,OH,OSBA,OSBA
Ohio State College of Barber Styling,OH,OSCBS,OSCBS
The Spa School,OH,SS,SS
Ohio State School of Cosmetology-Canal Winchester,OH,OSSCCW,OSSCCW
Ohio State University-Main Campus,OH,OSUMC,OSUMC
Ohio University-Eastern Campus,OH,OUEC,OUEC
Ohio University-Chillicothe Campus,OH,OUCC,OUCC
Ohio University-Southern Campus,OH,OUSC,OUSC
Ohio University-Lancaster Campus,OH,OULC,OULC
Ohio University-Main Campus,OH,OUMC,OUMC
Ohio University-Zanesville Campus,OH,OUZC,OUZC
East Ohio College,OH,EOC,EOC
Trinity Health System School of Nursing,OH,THSSN,THSSN
Ohio Wesleyan University,OH,OWU,OWU
Otterbein University,OH,OU,OU
Owens Community College,OH,OCC,OCC
Paramount Beauty Academy,OH,PBA,PBA
Cuyahoga Valley Career Center,OH,CVCC,CVCC
Payne Theological Seminary,OH,PTS,PTS
Pontifical College Josephinum,OH,PCJ,PCJ
Professional Skills Institute,OH,PSI,PSI
Firelands Regional Medical Center School of Nursing,OH,FRMCSN,FRMCSN
Rabbinical College Telshe,OH,RCT,RCT
Raphael's School of Beauty Culture Inc-Niles,OH,RSBCIN,RSBCIN
Fortis College-Centerville,OH,FCC,FCC
University of Rio Grande,OH,URG,URG
The Modern College of Design,OH,MCD,MCD
Shawnee State University,OH,SSU,SSU
Sinclair Community College,OH,SCC,SCC
Stark State College,OH,SSC,SSC
Stautzenberger College-Maumee,OH,SCM,SCM
Franciscan University of Steubenville,OH,FUS,FUS
Southern State Community College,OH,SSCC,SSCC
Terra State Community College,OH,TSCC,TSCC
Tiffin Academy of Hair Design,OH,TAHD,TAHD
Tiffin University,OH,TU,TU
University of Toledo,OH,UT,UT
Tri-State Bible College,OH,TSBC,TSBC
Tri-County Adult Career Center,OH,TCACC,TCACC
Tri-Rivers Career Center,OH,TRCC,TRCC
United Theological Seminary,OH,UTS,UTS
Upper Valley Career Center,OH,UVCC,UVCC
Ursuline College,OH,UC,UC
Walsh University,OH,WU,WU
Washington State College of Ohio,OH,WSCO,WSCO
Wilberforce University,OH,WU,WU
Wilmington College,OH,WC,WC
Winebrenner Theological Seminary,OH,WTS,WTS
Wittenberg University,OH,WU,WU
The College of Wooster,OH,CW,CW
Wright State University-Main Campus,OH,WSUMC,WSUMC
Wright State University-Lake Campus,OH,WSULC,WSULC
Xavier University,OH,XU,XU
Youngstown State University,OH,YSU,YSU
Oklahoma Wesleyan University,OK,OWU,OWU
Southern Nazarene University,OK,SNU,SNU
Pontotoc Technology Center,OK,PTC,PTC
Cameron University,OK,CU,CU
Carl Albert State College,OK,CASC,CASC
Central Oklahoma College,OK,COC,COC
University of Central Oklahoma,OK,UCO,UCO
Connors State College,OK,CSC,CSC
East Central University,OK,ECU,ECU
Eastern Oklahoma State College,OK,EOSC,EOSC
Redlands Community College,OK,RCC,RCC
Formations Institute,OK,FI,FI
Eves College of Hairstyling,OK,ECH,ECH
Randall University,OK,RU,RU
Langston University,OK,LU,LU
Murray State College,OK,MSC,MSC
Northeastern State University,OK,NSU,NSU
Northern Oklahoma College,OK,NOC,NOC
Northeastern Oklahoma A&M College,OK,NOC,NOC
Northwestern Oklahoma State University,OK,NOSU,NOSU
Oklahoma State University Center for Health Sciences,OK,OSUCHS,OSUCHS
Oklahoma Christian University,OK,OCU,OCU
University of Oklahoma-Health Sciences Center,OK,UOHSC,UOHSC
Oklahoma Panhandle State University,OK,OPSU,OPSU
Oklahoma State University-Main Campus,OK,OSUMC,OSUMC
Oklahoma State University-Oklahoma City,OK,OSUOC,OSUOC
Oklahoma Baptist University,OK,OBU,OBU
Oklahoma City Community College,OK,OCCC,OCCC
Oklahoma City University,OK,OCU,OCU
University of Oklahoma-Norman Campus,OK,UONC,UONC
Oklahoma State University Institute of Technology,OK,OSUIT,OSUIT
Oral Roberts University,OK,ORU,ORU
Rogers State University,OK,RSU,RSU
Rose State College,OK,RSC,RSC
Jenks Beauty College,OK,JBC,JBC
University of Science and Arts of Oklahoma,OK,USAO,USAO
Seminole State College,OK,SSC,SSC
Southern School of Beauty Inc,OK,SSBI,SSBI
Southeastern Oklahoma State University,OK,SOSU,SOSU
Southwestern Christian University,OK,SCU,SCU
Southwestern Oklahoma State University,OK,SOSU,SOSU
Tulsa Community College,OK,TCC,TCC
Tulsa Welding School-Tulsa,OK,TWST,TWST
University of Tulsa,OK,UT,UT
Western Oklahoma State College,OK,WOSC,WOSC
Formations Institute of Cosmetology & Barbering,OK,FICB,FICB
High Plains Technology Center,OK,HPTC,HPTC
Blue Mountain Community College,OR,BMCC,BMCC
Central Oregon Community College,OR,COCC,COCC
Chemeketa Community College,OR,CCC,CCC
Clackamas Community College,OR,CCC,CCC
Clatsop Community College,OR,CCC,CCC
College of Hair Design Careers,OR,CHDC,CHDC
Sumner College,OR,SC,SC
East West College of the Healing Arts,OR,EWCHA,EWCHA
Eastern Oregon University,OR,EOU,EOU
New Hope Christian College-Eugene,OR,NHCCE,NHCCE
George Fox University,OR,GFU,GFU
Phagans Grants Pass College of Beauty,OR,PGPCB,PGPCB
Lane Community College,OR,LCC,LCC
Lewis & Clark College,OR,LCC,LCC
Linfield University,OR,LU,LU
Linn-Benton Community College,OR,LBCC,LBCC
Northwest College-Beaverton,OR,NCB,NCB
Northwest College-Clackamas,OR,NCC,NCC
Mount Angel Seminary,OR,MAS,MAS
Mt Hood Community College,OR,MHCC,MHCC
National University of Natural Medicine,OR,NUNM,NUNM
Bushnell University,OR,BU,BU
Oregon Health & Science University,OR,OHSU,OHSU
Oregon Institute of Technology,OR,OIT,OIT
Oregon State University,OR,OSU,OSU
University of Oregon,OR,UO,UO
Pacific Northwest College of Art,OR,PNCA,PNCA
Pacific University,OR,PU,PU
Phagans Beauty College,OR,PBC,PBC
Phagans Central Oregon Beauty College,OR,PCOBC,PCOBC
Phagans School of Beauty,OR,PSB,PSB
Phagans School of Hair Design,OR,PSHD,PSHD
Summit Salon Academy-Portland,OR,SSAP,SSAP
Portland Community College,OR,PCC,PCC
Portland State University,OR,PSU,PSU
University of Portland,OR,UP,UP
Reed College,OR,RC,RC
Rogue Community College,OR,RCC,RCC
Southern Oregon University,OR,SOU,SOU
Southwestern Oregon Community College,OR,SOCC,SOCC
Treasure Valley Community College,OR,TVCC,TVCC
Umpqua Community College,OR,UCC,UCC
Warner Pacific University,OR,WPU,WPU
Corban University,OR,CU,CU
Western Seminary,OR,WS,WS
Willamette University,OR,WU,WU
Western Oregon University,OR,WOU,WOU
University of Western States,OR,UWS,UWS
Bryn Athyn College of the New Church,PA,BACNC,BACNC
Academy of Vocal Arts,PA,AVA,AVA
Albright College,PA,AC,AC
All-State Career School,PA,ASCS,ASCS
Community College of Allegheny County,PA,CCAC,CCAC
Allegheny College,PA,AC,AC
The  Beauty Institute,PA,BI,BI
DeSales University,PA,DU,DU
Altoona Beauty School Inc,PA,ABSI,ABSI
Alvernia University,PA,AU,AU
The Beauty Institute-Ambler,PA,BIA,BIA
American College of Financial Services,PA,ACFS,ACFS
Automotive Training Center-Exton,PA,ATCE,ATCE
Community College of Beaver County,PA,CCBC,CCBC
Arcadia University,PA,AU,AU
Bryn Mawr College,PA,BMC,BMC
Bucknell University,PA,BU,BU
Bucks County Community College,PA,BCCC,BCCC
Beauty Culture School LLC,PA,BCSL,BCSL
Butler Beauty Academy,PA,BBA,BBA
Butler County Community College,PA,BCCC,BCCC
Carlow University,PA,CU,CU
Carnegie Mellon University,PA,CMU,CMU
Cedar Crest College,PA,CCC,CCC
Central Penn College,PA,CPC,CPC
Chatham University,PA,CU,CU
Chestnut Hill College,PA,CHC,CHC
Cheyney University of Pennsylvania,PA,CUP,CUP
Citizens School of Nursing,PA,CSN,CSN
DLP Conemaugh Memorial Medical Center,PA,DCMMC,DCMMC
Curtis Institute of Music,PA,CIM,CIM
Delaware County Community College,PA,DCCC,DCCC
Delaware Valley University,PA,DVU,DVU
Dickinson College,PA,DC,DC
Douglas Education Center,PA,DEC,DEC
Drexel University,PA,DU,DU
Duquesne University,PA,DU,DU
East Stroudsburg University of Pennsylvania,PA,ESUP,ESUP
Eastern University,PA,EU,EU
Elizabethtown College,PA,EC,EC
Empire Beauty School-Lebanon,PA,EBSL,EBSL
Empire Beauty School-York,PA,EBSY,EBSY
Empire Beauty School-Lancaster,PA,EBSL,EBSL
Empire Beauty School-Shamokin Dam,PA,EBSSD,EBSSD
Empire Beauty School-Pottsville,PA,EBSP,EBSP
Empire Beauty  School-Lehigh Valley,PA,EBSLV,EBSLV
Empire Beauty School-Gwinnett,GA,EBSG,EBSG
Empire Beauty School-Wyoming Valley,PA,EBSWV,EBSWV
Empire Beauty School-Harrisburg,PA,EBSH,EBSH
Empire Beauty School-Reading,PA,EBSR,EBSR
Erie Institute of Technology Inc,PA,EITI,EITI
Franklin and Marshall College,PA,FMC,FMC
Gannon University,PA,GU,GU
Geneva College,PA,GC,GC
Gettysburg College,PA,GC,GC
Empire Beauty School-NE Philadelphia,PA,EBSNP,EBSNP
Gratz College,PA,GC,GC
Grove City College,PA,GCC,GCC
Gwynedd Mercy University,PA,GMU,GMU
Harcum College,PA,HC,HC
Harrisburg Area Community College,PA,HACC,HACC
Haverford College,PA,HC,HC
Commonwealth Technical Institute,PA,CTI,CTI
Holy Family University,PA,HFU,HFU
Immaculata University,PA,IU,IU
Indiana University of Pennsylvania,PA,IUP,IUP
UPMC Jameson School of Nursing,PA,UJSN,UJSN
Great Lakes Institute of Technology,PA,GLIT,GLIT
Johnson College,PA,JC,JC
Juniata College,PA,JC,JC
Keystone College,PA,KC,KC
King's College,PA,KC,KC
Butler Beauty Academy-Kittanning Beauty Academy,PA,BBAKBA,BBAKBA
Kutztown University of Pennsylvania,PA,KUP,KUP
La Roche University,PA,LRU,LRU
La Salle University,PA,LSU,LSU
Lackawanna College,PA,LC,LC
Lafayette College,PA,LC,LC
Lancaster Bible College,PA,LBC,LBC
Lancaster School of Cosmetology & Therapeutic Bodywork,PA,LSCTB,LSCTB
Lansdale School of Business,PA,LSB,LSB
Lansdale School of Cosmetology Inc,PA,LSCI,LSCI
Lebanon Valley College,PA,LVC,LVC
Lehigh Carbon Community College,PA,LCCC,LCCC
Miller-Motte College-Berks Technical Institute,PA,MMCBTI,MMCBTI
Lehigh University,PA,LU,LU
Lincoln Technical Institute-Allentown,PA,LTIA,LTIA
Lincoln Technical Institute-Levittown,PA,LTIL,LTIL
UPMC St. Margaret School of Nursing,PA,USMSN,USMSN
United Lutheran Seminary,PA,ULS,ULS
Luzerne County Community College,PA,LCCC,LCCC
Lycoming College,PA,LC,LC
Manor College,PA,MC,MC
Marywood University,PA,MU,MU
Vet Tech Institute,PA,VTI,VTI
Roxborough Memorial Hospital School of Nursing,PA,RMHSN,RMHSN
Mercyhurst University,PA,MU,MU
Messiah University,PA,MU,MU
ASPIRA City College,PA,ACC,ACC
Millersville University of Pennsylvania,PA,MUP,MUP
Misericordia University,PA,MU,MU
Montgomery County Community College,PA,MCCC,MCCC
Moore College of Art and Design,PA,MCAD,MCAD
Moravian University,PA,MU,MU
Mount Aloysius College,PA,MAC,MAC
Muhlenberg College,PA,MC,MC
Neumann University,PA,NU,NU
New Castle School of Trades,PA,NCST,NCST
Northampton County Area Community College,PA,NCACC,NCACC
Heritage Valley Health System School of Nursing,PA,HVHSSN,HVHSSN
Orleans Technical College,PA,OTC,OTC
Pennsylvania Institute of Technology,PA,PIT,PIT
Pennsylvania State University-Penn State Erie-Behrend College,PA,PSUPSEBC,PSUPSEBC
Pennsylvania State University-Penn State Great Valley,PA,PSUPSGV,PSUPSGV
Pennsylvania State University-Penn State New Kensington,PA,PSUPSNK,PSUPSNK
Pennsylvania State University-Penn State Shenango,PA,PSUPSS,PSUPSS
Pennsylvania State University-Penn State Wilkes-Barre,PA,PSUPSWB,PSUPSWB
Pennsylvania State University-Penn State Scranton,PA,PSUPSS,PSUPSS
Pennsylvania State University-Penn State Lehigh Valley,PA,PSUPSLV,PSUPSLV
Pennsylvania State University-Penn State Altoona,PA,PSUPSA,PSUPSA
Pennsylvania State University-Penn State Beaver,PA,PSUPSB,PSUPSB
Pennsylvania State University-Penn State Berks,PA,PSUPSB,PSUPSB
Pennsylvania State University-Penn State Harrisburg,PA,PSUPSH,PSUPSH
Pennsylvania State University-Penn State Brandywine,PA,PSUPSB,PSUPSB
Pennsylvania State University-Penn State DuBois,PA,PSUPSD,PSUPSD
Pennsylvania State University-Penn State Fayette- Eberly,PA,PSUPSFE,PSUPSFE
Pennsylvania State University-Penn State Hazleton,PA,PSUPSH,PSUPSH
Pennsylvania State University-Main Campus,PA,PSUMC,PSUMC
Pennsylvania State University-Penn State Greater Allegheny,PA,PSUPSGA,PSUPSGA
Pennsylvania State University-Penn State Mont Alto,PA,PSUPSMA,PSUPSMA
Pennsylvania State University-Penn State Abington,PA,PSUPSA,PSUPSA
Pennsylvania State University-Penn State Schuylkill,PA,PSUPSS,PSUPSS
Pennsylvania State University-Penn State York,PA,PSUPSY,PSUPSY
Peirce College,PA,PC,PC
Penn Commercial Business/Technical School,PA,PCBTS,PCBTS
Pennco Tech-Bristol,PA,PTB,PTB
Pennsylvania Academy of the Fine Arts,PA,PAFA,PAFA
Pennsylvania Gunsmith School,PA,PGS,PGS
Pennsylvania College of Art and Design,PA,PCAD,PCAD
University of Pennsylvania,PA,UP,UP
Cairn University-Langhorne,PA,CUL,CUL
Philadelphia College of Osteopathic Medicine,PA,PCOM,PCOM
Community College of Philadelphia,PA,CCP,CCP
University of Pittsburgh-Bradford,PA,UPB,UPB
University of Pittsburgh-Greensburg,PA,UPG,UPG
University of Pittsburgh-Johnstown,PA,UPJ,UPJ
University of Pittsburgh-Pittsburgh Campus,PA,UPPC,UPPC
University of Pittsburgh-Titusville,PA,UPT,UPT
Pittsburgh Institute of Aeronautics,PA,PIA,PIA
Pittsburgh Institute of Mortuary Science Inc,PA,PIMSI,PIMSI
Pittsburgh Theological Seminary,PA,PTS,PTS
Point Park University,PA,PPU,PPU
Joseph F McCloskey School of Nursing,PA,JFMSN,JFMSN
The Salon Professional Academy-Altoona,PA,SPAA,SPAA
Reading Area Community College,PA,RACC,RACC
Reading Hospital School of Health Sciences,PA,RHSHS,RHSHS
Reconstructionist Rabbinical College,PA,RRC,RRC
Walnut Hill College,PA,WHC,WHC
Robert Morris University,PA,RMU,RMU
Rosedale Technical College,PA,RTC,RTC
Rosemont College,PA,RC,RC
Saint Francis University,PA,SFU,SFU
Saint Joseph's University - Philadelphia,PA,SJUP,SJUP
Saint Vincent College,PA,SVC,SVC
Saint Vincent Seminary,PA,SVS,SVS
Schuylkill Technology Center,PA,STC,STC
University of Scranton,PA,US,US
Seton Hill University,PA,SHU,SHU
UPMC Shadyside School of Nursing,PA,USSN,USSN
Laurel Technical Institute,PA,LTI,LTI
Shippensburg University of Pennsylvania,PA,SUP,SUP
Slippery Rock University of Pennsylvania,PA,SRUP,SRUP
Saint Charles Borromeo Seminary-Overbrook,PA,SCBSO,SCBSO
South Hills Beauty Academy,PA,SHBA,SHBA
South Hills School of Business & Technology,PA,SHSBT,SHSBT
St Lukes Hospital School of Nursing,PA,SLHSN,SLHSN
The Beauty Institute,PA,BI,BI
Susquehanna University,PA,SU,SU
Swarthmore College,PA,SC,SC
Thaddeus Stevens College of Technology,PA,TSCT,TSCT
Talmudical Yeshiva of Philadelphia,PA,TYP,TYP
Temple University,PA,TU,TU
Theological Seminary of the Reformed Episcopal Church,PA,TSREC,TSREC
Thiel College,PA,TC,TC
Thomas Jefferson University,PA,TJU,TJU
Trinity Anglican Seminary,PA,TAS,TAS
Ursinus College,PA,UC,UC
University of Valley Forge,PA,UVF,UVF
Valley Forge Military College,PA,VFMC,VFMC
Venus Beauty Academy,PA,VBA,VBA
Villanova University,PA,VU,VU
Washington Health System School of Nursing,PA,WHSSN,WHSSN
Washington & Jefferson College,PA,WJC,WJC
Waynesburg University,PA,WU,WU
Welder Training and Testing Institute,PA,WTTI,WTTI
West Chester University of Pennsylvania,PA,WCUP,WCUP
Western Pennsylvania Hospital School of Nursing,PA,WPHSN,WPHSN
Westminster Theological Seminary,PA,WTS,WTS
Westmoreland County Community College,PA,WCCC,WCCC
Widener University,PA,WU,WU
Wilkes University,PA,WU,WU
Williamson College of the Trades,PA,WCT,WCT
Wilson College,PA,WC,WC
Yeshivath Beth Moshe,PA,YBM,YBM
York College of Pennsylvania,PA,YCP,YCP
YTI Career Institute-York,PA,YCIY,YCIY
Brown University,RI,BU,BU
Bryant University,RI,BU,BU
Johnson & Wales University-Providence,RI,JWUP,JWUP
New England Institute of Technology,RI,NEIT,NEIT
New England Tractor Trailer Training School of Rhode Island,RI,NETTTSRI,NETTTSRI
Providence College,RI,PC,PC
Rhode Island College,RI,RIC,RIC
Community College of Rhode Island,RI,CCRI,CCRI
University of Rhode Island,RI,URI,URI
Rhode Island School of Design,RI,RISD,RISD
Roger Williams University,RI,RWU,RWU
Salve Regina University,RI,SRU,SRU
Empire Beauty School-Warwick,RI,EBSW,EBSW
Northpoint Bible College,MA,NBC,NBC
Aiken Technical College,SC,ATC,ATC
Allen University,SC,AU,AU
Charleston Southern University,SC,CSU,CSU
Technical College of the Lowcountry,SC,TCL,TCL
Benedict College,SC,BC,BC
Bob Jones University,SC,BJU,BJU
Southern Wesleyan University,SC,SWU,SWU
Charleston Cosmetology Institute,SC,CCI,CCI
College of Charleston,SC,CC,CC
Northeastern Technical College,SC,NTC,NTC
Citadel Military College of South Carolina,SC,CMCSC,CMCSC
Claflin University,SC,CU,CU
Clemson University,SC,CU,CU
Clinton College,SC,CC,CC
Coker University,SC,CU,CU
Columbia International University,SC,CIU,CIU
Converse University,SC,CU,CU
Denmark Technical College,SC,DTC,DTC
Erskine College,SC,EC,EC
Florence-Darlington Technical College,SC,FDTC,FDTC
Francis Marion University,SC,FMU,FMU
Furman University,SC,FU,FU
Greenville Technical College,SC,GTC,GTC
Horry-Georgetown Technical College,SC,HGTC,HGTC
Kenneth Shuler School of Cosmetology-North Augusta,SC,KSSCNA,KSSCNA
Kenneth Shuler School of Cosmetology and Nails-Columbia,SC,KSSCNC,KSSCNC
Lander University,SC,LU,LU
Medical University of South Carolina,SC,MUSC,MUSC
Midlands Technical College,SC,MTC,MTC
Morris College,SC,MC,MC
Newberry College,SC,NC,NC
North Greenville University,SC,NGU,NGU
Orangeburg Calhoun Technical College,SC,OCTC,OCTC
Piedmont Technical College,SC,PTC,PTC
Presbyterian College,SC,PC,PC
University of South Carolina Aiken,SC,USCA,USCA
University of South Carolina Beaufort,SC,USCB,USCB
University of South Carolina-Columbia,SC,USCC,USCC
University of South Carolina-Lancaster,SC,USCL,USCL
University of South Carolina-Salkehatchie,SC,USCS,USCS
University of South Carolina-Sumter,SC,USCS,USCS
University of South Carolina-Union,SC,USCU,USCU
Coastal Carolina University,SC,CCU,CCU
South Carolina State University,SC,SCSU,SCSU
University of South Carolina-Upstate,SC,USCU,USCU
Sherman College of Chiropractic,SC,SCC,SCC
Spartanburg Methodist College,SC,SMC,SMC
Spartanburg Community College,SC,SCC,SCC
Central Carolina Technical College,SC,CCTC,CCTC
Tri-County Technical College,SC,TCTC,TCTC
Trident Technical College,SC,TTC,TTC
Voorhees University,SC,VU,VU
Williamsburg Technical College,SC,WTC,WTC
Winthrop University,SC,WU,WU
Wofford College,SC,WC,WC
York Technical College,SC,YTC,YTC
Augustana University,SD,AU,AU
The Salon Professional Academy,SD,SPA,SPA
Black Hills State University,SD,BHSU,BHSU
Dakota State University,SD,DSU,DSU
Dakota Wesleyan University,SD,DWU,DWU
Paul Mitchell the School-Rapid City,SD,PMSRC,PMSRC
Lake Area Technical College,SD,LATC,LATC
Mitchell Technical College,SD,MTC,MTC
Mount Marty University,SD,MMU,MMU
National American University-Rapid City,SD,NAURC,NAURC
Kairos University,SD,KU,KU
Northern State University,SD,NSU,NSU
Oglala Lakota College,SD,OLC,OLC
South Dakota School of Mines and Technology,SD,SDSMT,SDSMT
South Dakota State University,SD,SDSU,SDSU
Sinte Gleska University,SD,SGU,SGU
University of Sioux Falls,SD,USF,USF
Sanford Medical Center,SD,SMC,SMC
Sisseton Wahpeton College,SD,SWC,SWC
Southeast Technical College,SD,STC,STC
Stewart School,SD,SS,SS
University of South Dakota,SD,USD,USD
Western Dakota Technical College,SD,WDTC,WDTC
American Baptist College,TN,ABC,ABC
Arnolds Beauty School,TN,ABS,ABS
TCAT Athens,TN,TA,TA
Austin Peay State University,TN,APSU,APSU
Baptist Health Sciences University,TN,BHSU,BHSU
Belmont University,TN,BU,BU
Bryan College-Dayton,TN,BCD,BCD
Carson-Newman University,TN,CNU,CNU
Chattanooga State Community College,TN,CSCC,CSCC
Christian Brothers University,TN,CBU,CBU
Pentecostal Theological Seminary,TN,PTS,PTS
Austin's Beauty College Inc,TN,ABCI,ABCI
Cleveland State Community College,TN,CSCC,CSCC
Columbia State Community College,TN,CSCC,CSCC
Concorde Career College-Memphis,TN,CCCM,CCCM
Cumberland University,TN,CU,CU
Lipscomb University,TN,LU,LU
Tennessee College of Applied Technology-Dickson,TN,TCATD,TCATD
Dyersburg State Community College,TN,DSCC,DSCC
East Tennessee State University,TN,ETSU,ETSU
Chattanooga College Medical Dental and & Technical Careers,TN,CCMDTC,CCMDTC
Tennessee College of Applied Technology-Elizabethton,TN,TCATE,TCATE
The Hair Academy LLC,TN,HAL,HAL
Fisk University,TN,FU,FU
Welch College,TN,WC,WC
Freed-Hardeman University,TN,FHU,FHU
Tennessee College of Applied Technology-Harriman,TN,TCATH,TCATH
Tennessee College of Applied Technology-Hartsville,TN,TCATH,TCATH
Tennessee College of Applied Technology-Hohenwald,TN,TCATH,TCATH
Tennessee College of Applied Technology-Jacksboro,TN,TCATJ,TCATJ
Jackson State Community College,TN,JSCC,JSCC
John A Gupton College,TN,JGC,JGC
Johnson University,TN,JU,JU
Paul Mitchell the School-Murfreesboro,TN,PMSM,PMSM
King University,TN,KU,KU
South College,TN,SC,SC
Lane College,TN,LC,LC
Le Moyne-Owen College,TN,LMOC,LMOC
Lee University,TN,LU,LU
Lincoln Memorial University,TN,LMU,LMU
Tennessee College of Applied Technology-Livingston,TN,TCATL,TCATL
The University of Tennessee Southern,TN,UTS,UTS
Maryville College,TN,MC,MC
Genesis Career College-Cookeville,TN,GCCC,GCCC
Meharry Medical College,TN,MMC,MMC
Tennessee College of Applied Technology-Memphis,TN,TCATM,TCATM
University of Memphis,TN,UM,UM
Memphis Theological Seminary,TN,MTS,MTS
Middle Tennessee State University,TN,MTSU,MTSU
Middle Tennessee School of Anesthesia Inc,TN,MTSAI,MTSAI
Tennessee College of Applied Technology-Morristown,TN,TCATM,TCATM
Motlow State Community College,TN,MSCC,MSCC
Tennessee College of Applied Technology-Murfreesboro,TN,TCATM,TCATM
Nashville Auto-Diesel College,TN,NADC,NADC
Nashville State Community College,TN,NSCC,NSCC
Tennessee College of Applied Technology Northwest,TN,TCATN,TCATN
Tennessee College of Applied Technology-Henry/Carroll,TN,TCATHC,TCATHC
Tennessee College of Applied Technology-Pulaski,TN,TCATP,TCATP
Rhodes College,TN,RC,RC
Roane State Community College,TN,RSCC,RSCC
Tennessee College of Applied Technology Crump,TN,TCATC,TCATC
Southwest Tennessee Community College,TN,STCC,STCC
Tennessee College of Applied Technology-Shelbyville,TN,TCATS,TCATS
The University of the South,TN,US,US
Tennessee College of Applied Technology-Oneida-Huntsville,TN,TCATOH,TCATOH
Tennessee College of Applied Technology-Upper Cumberland,TN,TCATUC,TCATUC
Tennessee College of Applied Technology-McMinnville,TN,TCATM,TCATM
Tennessee College of Applied Technology-Jackson,TN,TCATJ,TCATJ
Tennessee College of Applied Technology-Knoxville,TN,TCATK,TCATK
Pellissippi State Community College,TN,PSCC,PSCC
Southern Adventist University,TN,SAU,SAU
Southern College of Optometry,TN,SCO,SCO
Tennessee Wesleyan University,TN,TWU,TWU
The University of Tennessee-Chattanooga,TN,UTC,UTC
The University of Tennessee-Knoxville,TN,UTK,UTK
The University of Tennessee-Martin,TN,UTM,UTM
Tennessee School of Beauty of Knoxville Inc,TN,TSBKI,TSBKI
Tennessee State University,TN,TSU,TSU
Tennessee Technological University,TN,TTU,TTU
Trevecca Nazarene University,TN,TNU,TNU
Northeast State Community College,TN,NSCC,NSCC
Tusculum University,TN,TU,TU
Union University,TN,UU,UU
Vanderbilt University,TN,VU,VU
Volunteer State Community College,TN,VSCC,VSCC
Walters State Community College,TN,WSCC,WSCC
William R Moore College of Technology,TN,WRMCT,WRMCT
Abilene Christian University,TX,ACU,ACU
Alvin Community College,TX,ACC,ACC
Amarillo College,TX,AC,AC
Amberton University,TX,AU,AU
Angelina College,TX,AC,AC
Angelo State University,TX,ASU,ASU
Arlington Baptist University,TX,ABU,ABU
Arlington Career Institute,TX,ACI,ACI
Austin College,TX,AC,AC
Austin Community College District,TX,ACCD,ACCD
Austin Presbyterian Theological Seminary,TX,APTS,APTS
Baldwin Beauty School-South Austin,TX,BBSSA,BBSSA
Baptist Health System School of Health Professions,TX,BHSSHP,BHSSHP
Baptist Missionary Association Theological Seminary,TX,BMATS,BMATS
Baylor College of Medicine,TX,BCM,BCM
Baylor University,TX,BU,BU
Coastal Bend College,TX,CBC,CBC
Blinn College District,TX,BCD,BCD
Remington College-Dallas Campus,TX,RCDC,RCDC
Vet Tech Institute of Houston,TX,VTIH,VTIH
Brazosport College,TX,BC,BC
Central Texas College,TX,CTC,CTC
Charles and Sues School of Hair Design,TX,CSSHD,CSSHD
Cisco College,TX,CC,CC
Clarendon College,TX,CC,CC
Concordia University Texas,TX,CUT,CUT
BK Cosmo College of Cosmetology,TX,BCCC,BCCC
North Central Texas College,TX,NCTC,NCTC
Texas A & M University-Corpus Christi,TX,TMUCC,TMUCC
Paul Mitchell the School-Dallas,TX,PMSD,PMSD
Dallas Baptist University,TX,DBU,DBU
Dallas Christian College,TX,DCC,DCC
Dallas Institute of Funeral Service,TX,DIFS,DIFS
Dallas Theological Seminary,TX,DTS,DTS
University of Dallas,TX,UD,UD
Del Mar College,TX,DMC,DMC
East Texas Baptist University,TX,ETBU,ETBU
Texas A&M University-Texarkana,TX,TUT,TUT
East Texas A&M University,TX,ETU,ETU
Dallas College,TX,DC,DC
El Paso Community College,TX,EPCC,EPCC
Western Technical College,TX,WTC,WTC
Episcopal Theological Seminary of the Southwest,TX,ETSS,ETSS
Frank Phillips College,TX,FPC,FPC
Galveston College,TX,GC,GC
Graham's Barber College,TX,GBC,GBC
Grayson College,TX,GC,GC
Hallmark University,TX,HU,HU
Hardin-Simmons University,TX,HSU,HSU
Trinity Valley Community College,TX,TVCC,TVCC
Hill College,TX,HC,HC
Houston Christian University,TX,HCU,HCU
University of Houston-Clear Lake,TX,UHCL,UHCL
Houston City College,TX,HCC,HCC
University of Houston-Downtown,TX,UHD,UHD
Texas A&M University-Victoria,TX,TUV,TUV
University of Houston,TX,UH,UH
Howard College,TX,HC,HC
Howard Payne University,TX,HPU,HPU
Huston-Tillotson University,TX,HTU,HTU
University of the Incarnate Word,TX,UIW,UIW
Jacksonville College-Main Campus,TX,JCMC,JCMC
Jarvis Christian University,TX,JCU,JCU
KD Conservatory College of Film and Dramatic Arts,TX,KCCFDA,KCCFDA
Kilgore College,TX,KC,KC
Lamar University,TX,LU,LU
Lamar State College-Orange,TX,LSCO,LSCO
Lamar State College-Port Arthur,TX,LSCPA,LSCPA
Laredo College,TX,LC,LC
Texas A & M International University,TX,TMIU,TMIU
Lee College,TX,LC,LC
LeTourneau University,TX,LU,LU
Lincoln College of Technology-Grand Prairie,TX,LCTGP,LCTGP
Lubbock Christian University,TX,LCU,LCU
College of the Mainland,TX,CM,CM
University of Mary Hardin-Baylor,TX,UMHB,UMHB
McLennan Community College,TX,MCC,MCC
McMurry University,TX,MU,MU
Covenant School of Nursing and Allied Health,TX,CSNAH,CSNAH
Midland College,TX,MC,MC
Midwestern State University,TX,MSU,MSU
William Edge Institute,TX,WEI,WEI
Wade College,TX,WC,WC
Southern Careers Institute-Austin,TX,SCIA,SCIA
Tint School of Makeup & Cosmetology,TX,TSMC,TSMC
Navarro College,TX,NC,NC
Lone Star College System,TX,LSCS,LSCS
University of North Texas,TX,UNT,UNT
Northeast Texas Community College,TX,NTCC,NTCC
Oblate School of Theology,TX,OST,OST
Ocean Corporation,TX,OC,OC
Odessa College,TX,OC,OC
Ogle School Hair Skin Nails-Arlington,TX,OSHSNA,OSHSNA
Ogle School Hair Skin Nails-Ft Worth,TX,OSHSNFW,OSHSNFW
Our Lady of the Lake University,TX,OLLU,OLLU
The University of Texas Rio Grande Valley,TX,UTRGV,UTRGV
Texas Southmost College,TX,TSC,TSC
Panola College,TX,PC,PC
Paris Junior College,TX,PJC,PJC
Paul Quinn College,TX,PQC,PQC
Prairie View A & M University,TX,PVMU,PVMU
Ranger College,TX,RC,RC
Aviation Institute of Maintenance-Houston,TX,AIMH,AIMH
Rice University,TX,RU,RU
Saint Edward's University,TX,SEU,SEU
St Philip's College,TX,SPC,SPC
Sam Houston State University,TX,SHSU,SHSU
San Antonio College,TX,SAC,SAC
San Jacinto Community College,TX,SJCC,SJCC
Schreiner University,TX,SU,SU
Seguin Beauty School-Seguin,TX,SBSS,SBSS
St. Mary's University,TX,SMU,SMU
South Plains College,TX,SPC,SPC
South Texas College of Law Houston,TX,STCLH,STCLH
South Texas Vocational Technical Institute-Weslaco,TX,STVTIW,STVTIW
Miller-Motte College-STVT-McAllen,TX,MMCSM,MMCSM
Southern Methodist University,TX,SMU,SMU
Southwest School of Business and Technical Careers-San Antonio,TX,SSBTCSA,SSBTCSA
Southwest Texas College,TX,STC,STC
Nelson University,TX,NU,NU
Southwestern University,TX,SU,SU
Stephen F Austin State University,TX,SFASU,SFASU
Texas State University,TX,TSU,TSU
Southwestern Adventist University,TX,SAU,SAU
Southwestern Christian College,TX,SCC,SCC
Sul Ross State University,TX,SRSU,SRSU
Tarleton State University,TX,TSU,TSU
Tarrant County College District,TX,TCCD,TCCD
Temple College,TX,TC,TC
University of Texas Southwestern Medical Center,TX,UTSMC,UTSMC
The University of Texas Health Science Center at San Antonio,TX,UTHSCSA,UTHSCSA
The University of Texas Medical Branch at Galveston,TX,UTMBG,UTMBG
Texarkana College,TX,TC,TC
Texas A&M University-Kingsville,TX,TUK,TUK
Texas A&M University-College Station,TX,TUCS,TUCS
The University of Texas at Arlington,TX,UTA,UTA
The University of Texas at Austin,TX,UTA,UTA
The University of Texas at Dallas,TX,UTD,UTD
The University of Texas at El Paso,TX,UTEP,UTEP
The University of Texas at Tyler,TX,UTT,UTT
Texas Chiropractic College Foundation Inc,TX,TCCFI,TCCFI
Texas Christian University,TX,TCU,TCU
Texas College,TX,TC,TC
University of North Texas Health Science Center,TX,UNTHSC,UNTHSC
Texas Lutheran University,TX,TLU,TLU
The University of Texas Permian Basin,TX,UTPB,UTPB
The University of Texas at San Antonio,TX,UTSA,UTSA
Texas Southern University,TX,TSU,TSU
Texas Tech University,TX,TTU,TTU
Texas Wesleyan University,TX,TWU,TWU
Texas Woman's University,TX,TWU,TWU
Trinity University,TX,TU,TU
The University of Texas Health Science Center at Houston,TX,UTHSCH,UTHSCH
Texas Tech University Health Sciences Center,TX,TTUHSC,TTUHSC
Tyler Junior College,TX,TJC,TJC
Universal Technical Institute of Texas Inc.,TX,UTITI,UTITI
UCAS University of Cosmetology Arts & Sciences-McAllen,TX,UUCASM,UUCASM
Vernon College,TX,VC,VC
Victoria Beauty & Barber College,TX,VBBC,VBBC
Victoria College,TX,VC,VC
Vogue College of Cosmetology-McAllen,TX,VCCM,VCCM
Wayland Baptist University,TX,WBU,WBU
Weatherford College,TX,WC,WC
West Texas A & M University,TX,WTMU,WTMU
Western Texas College,TX,WTC,WTC
Wharton County Junior College,TX,WCJC,WCJC
Wiley University,TX,WU,WU
Bridgerland Technical College,UT,BTC,BTC
Brigham Young University,UT,BYU,BYU
Brigham Young University-Hawaii,HI,BYUH,BYUH
Cameo College of Essential Beauty,UT,CCEB,CCEB
Collectiv Academy,UT,CA,CA
Davis Technical College,UT,DTC,DTC
Utah Tech University,UT,UTU,UTU
Evans Hairstyling College-Cedar City,UT,EHCCC,EHCCC
Evans Hairstyling College-St George,UT,EHCSG,EHCSG
Paul Mitchell the School-Salt Lake City,UT,PMSSLC,PMSSLC
Eagle Gate College-Murray,UT,EGCM,EGCM
Ensign College,UT,EC,EC
Ogden-Weber Technical College,UT,OWTC,OWTC
Snow College,UT,SC,SC
Southern Utah University,UT,SUU,SUU
Uintah Basin Technical College,UT,UBTC,UBTC
Utah State University,UT,USU,USU
Utah Valley University,UT,UVU,UVU
Salt Lake Community College,UT,SLCC,SLCC
University of Utah,UT,UU,UU
Weber State University,UT,WSU,WSU
Westminster University,UT,WU,WU
Bennington College,VT,BC,BC
Champlain College,VT,CC,CC
Community College of Vermont,VT,CCV,CCV
Middlebury College,VT,MC,MC
Norwich University,VT,NU,NU
O'Briens Aveda Institute,VT,OAI,OAI
Saint Michael's College,VT,SMC,SMC
SIT Graduate Institute,VT,SGI,SGI
Vermont Law and Graduate School,VT,VLGS,VLGS
Vermont State University,VT,VSU,VSU
University of Vermont,VT,UV,UV
Paul Mitchell the School-Roanoke,VA,PMSR,PMSR
Advanced Technology Institute,VA,ATI,ATI
Averett University,VA,AU,AU
Bluefield University,VA,BU,BU
Bridgewater College,VA,BC,BC
William & Mary,VA,WM,WM
Regent University,VA,RU,RU
Central Virginia Community College,VA,CVCC,CVCC
Christopher Newport University,VA,CNU,CNU
Bryant & Stratton College-Virginia Beach,VA,BSCVB,BSCVB
Mountain Gateway Community College,VA,MGCC,MGCC
Danville Community College,VA,DCC,DCC
Centura College-Chesapeake,VA,CCC,CCC
Emory & Henry University,VA,EHU,EHU
Eastern Mennonite University,VA,EMU,EMU
Eastern Shore Community College,VA,ESCC,ESCC
Ferrum College,VA,FC,FC
George Mason University,VA,GMU,GMU
Germanna Community College,VA,GCC,GCC
Hampden-Sydney College,VA,HSC,HSC
Hampton University,VA,HU,HU
Hollins University,VA,HU,HU
J Sargeant Reynolds Community College,VA,JSRCC,JSRCC
James Madison University,VA,JMU,JMU
Brightpoint Community College,VA,BCC,BCC
Liberty University,VA,LU,LU
Longwood University,VA,LU,LU
Laurel Ridge Community College,VA,LRCC,LRCC
University of Lynchburg,VA,UL,UL
Centra College,VA,CC,CC
Mary Baldwin University,VA,MBU,MBU
University of Mary Washington,VA,UMW,UMW
Marymount University,VA,MU,MU
Sovah School of Health Professions,VA,SSHP,SSHP
Mountain Empire Community College,VA,MECC,MECC
American National University,VA,ANU,ANU
New River Community College,VA,NRCC,NRCC
Sentara College of Health Sciences,VA,SCHS,SCHS
Tidewater Tech-Trades,VA,TTT,TTT
Norfolk State University,VA,NSU,NSU
Northern Virginia Community College,VA,NVCC,NVCC
Old Dominion University,VA,ODU,ODU
Patrick & Henry Community College,VA,PHCC,PHCC
Paul D Camp Community College,VA,PDCCC,PDCCC
Southside College of Health Sciences,VA,SCHS,SCHS
Piedmont Virginia Community College,VA,PVCC,PVCC
Radford University,VA,RU,RU
Sylvain Melloul International Hair Academy,VA,SMIHA,SMIHA
Randolph-Macon College,VA,RMC,RMC
Randolph College,VA,RC,RC
Rappahannock Community College,VA,RCC,RCC
Fortis College-Norfolk,VA,FCN,FCN
Richard Bland College,VA,RBC,RBC
Bon Secours Memorial College of Nursing,VA,BSMCN,BSMCN
University of Richmond,VA,UR,UR
Riverside College of Health Sciences,VA,RCHS,RCHS
Roanoke College,VA,RC,RC
Bon Secours St Mary's Hospital School of Medical Imaging,VA,BSSMHSMI,BSSMHSMI
Shenandoah University,VA,SU,SU
Southeastern Free Will Baptist Bible College,NC,SFWBBC,SFWBBC
Southern Virginia University,VA,SVU,SVU
Southside Virginia Community College,VA,SVCC,SVCC
Southwest Virginia Community College,VA,SVCC,SVCC
Staunton School of Cosmetology,VA,SSC,SSC
Strayer University-Virginia,VA,SUV,SUV
Sweet Briar College,VA,SBC,SBC
Virginia Peninsula Community College,VA,VPCC,VPCC
Tidewater Community College,VA,TCC,TCC
Union Presbyterian Seminary,VA,UPS,UPS
University of Virginia's College at Wise,VA,UVCW,UVCW
Virginia Highlands Community College,VA,VHCC,VHCC
Virginia Polytechnic Institute and State University,VA,VPISU,VPISU
Virginia Western Community College,VA,VWCC,VWCC
Virginia Commonwealth University,VA,VCU,VCU
University of Virginia-Main Campus,VA,UVMC,UVMC
Virginia Military Institute,VA,VMI,VMI
Virginia University of Lynchburg,VA,VUL,VUL
Virginia State University,VA,VSU,VSU
Virginia Union University,VA,VUU,VUU
Virginia Wesleyan University,VA,VWU,VWU
Washington and Lee University,VA,WLU,WLU
Wytheville Community College,VA,WCC,WCC
Bellevue College,WA,BC,BC
Bellingham Technical College,WA,BTC,BTC
Big Bend Community College,WA,BBCC,BBCC
Central Washington University,WA,CWU,CWU
Centralia College,WA,CC,CC
City University of Seattle,WA,CUS,CUS
Paul Mitchell the School-Richland,WA,PMSR,PMSR
Clark College,WA,CC,CC
Clover Park Technical College,WA,CPTC,CPTC
Columbia Basin College,WA,CBC,CBC
Divers Institute of Technology,WA,DIT,DIT
Eastern Washington University,WA,EWU,EWU
Edmonds College,WA,EC,EC
Everett Community College,WA,ECC,ECC
The Evergreen State College,WA,ESC,ESC
Pierce College District,WA,PCD,PCD
Gonzaga University,WA,GU,GU
Grays Harbor College,WA,GHC,GHC
Green River College,WA,GRC,GRC
Toni & Guy Hairdressing Academy-Shoreline,WA,TGHAS,TGHAS
Heritage University,WA,HU,HU
Highline College,WA,HC,HC
Bastyr University,WA,BU,BU
Bates Technical College,WA,BTC,BTC
Lake Washington Institute of Technology,WA,LWIT,LWIT
Lower Columbia College,WA,LCC,LCC
North Seattle College,WA,NSC,NSC
Northwest University,WA,NU,NU
Olympic College,WA,OC,OC
Perry Technical Institute,WA,PTI,PTI
Pacific Lutheran University,WA,PLU,PLU
Peninsula College,WA,PC,PC
University of Puget Sound,WA,UPS,UPS
Renton Technical College,WA,RTC,RTC
Saint Martin's University,WA,SMU,SMU
South Seattle College,WA,SSC,SSC
Seattle Central College,WA,SCC,SCC
Seattle Pacific University,WA,SPU,SPU
Seattle University,WA,SU,SU
Shoreline College,WA,SC,SC
Skagit Valley College,WA,SVC,SVC
South Puget Sound Community College,WA,SPSCC,SPSCC
Spokane Community College,WA,SCC,SCC
Spokane Falls Community College,WA,SFCC,SFCC
Stylemaster College of Hair Design,WA,SCHD,SCHD
Tacoma Community College,WA,TCC,TCC
Walla Walla Community College,WA,WWCC,WWCC
Walla Walla University,WA,WWU,WWU
Washington State University,WA,WSU,WSU
University of Washington-Seattle Campus,WA,UWSC,UWSC
Wenatchee Valley College,WA,WVC,WVC
Western Washington University,WA,WWU,WWU
Whatcom Community College,WA,WCC,WCC
Whitman College,WA,WC,WC
Whitworth University,WA,WU,WU
Yakima Valley College,WA,YVC,YVC
Appalachian Beauty School,KY,ABS,ABS
Appalachian Bible College,WV,ABC,ABC
B M Spurr School of Practical Nursing,WV,BMSSPN,BMSSPN
Ben Franklin Career Center,WV,BFCC,BFCC
Bluefield State University,WV,BSU,BSU
Cabell County Career Technology Center,WV,CCCTC,CCCTC
Charleston School of Beauty Culture,WV,CSBC,CSBC
University of Charleston,WV,UC,UC
Clarksburg Beauty Academy and School of Massage Therapy,WV,CBASMT,CBASMT
Concord University,WV,CU,CU
Davis & Elkins College,WV,DEC,DEC
Fairmont State University,WV,FSU,FSU
Glenville State University,WV,GSU,GSU
Ameritas College,WV,AC,AC
James Rumsey Technical Institute,WV,JRTI,JRTI
Ralph R Willis Career and Technical Center,WV,RRWCTC,RRWCTC
Marshall University,WV,MU,MU
Mercer County Technical Education Center,WV,MCTEC,MCTEC
Monongalia County Technical Education Center,WV,MCTEC,MCTEC
Morgantown Beauty College Inc,WV,MBCI,MBCI
West Virginia University at Parkersburg,WV,WVUP,WVUP
Potomac State College of West Virginia University,WV,PSCWVU,PSCWVU
Academy of Careers and Technology,WV,ACT,ACT
Salem University,WV,SU,SU
Shepherd University,WV,SU,SU
Southern West Virginia Community and Technical College,WV,SWVCTC,SWVCTC
Fred W Eberle Technical Center,WV,FWETC,FWETC
West Virginia School of Osteopathic Medicine,WV,WVSOM,WVSOM
West Virginia State University,WV,WVSU,WVSU
West Virginia University Hospital Departments of Rad Tech and Nutrition,WV,WVUHDRTN,WVUHDRTN
West Liberty University,WV,WLU,WLU
West Virginia University Institute of Technology,WV,WVUIT,WVUIT
West Virginia Wesleyan College,WV,WVWC,WVWC
West Virginia Junior College-Charleston,WV,WVJCC,WVJCC
West Virginia Junior College-Morgantown,WV,WVJCM,WVJCM
International Beauty School,WV,IBS,IBS
West Virginia Northern Community College,WV,WVNCC,WVNCC
West Virginia University,WV,WVU,WVU
Wheeling University,WV,WU,WU
Wood County Technical Center-Practical Nursing,WV,WCTCPN,WCTCPN
VICI Beauty School,WI,VBS,VBS
Alverno College,WI,AC,AC
Madison Area Technical College,WI,MATC,MATC
Bellin College,WI,BC,BC
Beloit College,WI,BC,BC
Blackhawk Technical College,WI,BTC,BTC
Carroll University,WI,CU,CU
Carthage College,WI,CC,CC
Concordia University-Wisconsin,WI,CUW,CUW
Edgewood University,WI,EU,EU
Fox Valley Technical College,WI,FVTC,FVTC
Gateway Technical College,WI,GTC,GTC
The Professional Hair Design Academy,WI,PHDA,PHDA
Lakeland University,WI,LU,LU
Lakeshore Technical College,WI,LTC,LTC
Lawrence University,WI,LU,LU
Maranatha Baptist University,WI,MBU,MBU
Marquette University,WI,MU,MU
Medical College of Wisconsin,WI,MCW,MCW
Mid-State Technical College,WI,MSTC,MSTC
Milwaukee Area Technical College,WI,MATC,MATC
Milwaukee Institute of Art & Design,WI,MIAD,MIAD
Milwaukee School of Engineering,WI,MSE,MSE
Moraine Park Technical College,WI,MPTC,MPTC
Mount Mary University,WI,MMU,MMU
Nashotah House,WI,NH,NH
Nicolet Area Technical College,WI,NATC,NATC
Northcentral Technical College,WI,NTC,NTC
Northeast Wisconsin Technical College,WI,NWTC,NWTC
Ripon College,WI,RC,RC
Sacred Heart Seminary and School of Theology,WI,SHSST,SHSST
Saint Norbert College,WI,SNC,SNC
State College of Beauty Culture,WI,SCBC,SCBC
Southwest Wisconsin Technical College,WI,SWTC,SWTC
Viterbo University,WI,VU,VU
Chippewa Valley Technical College,WI,CVTC,CVTC
Waukesha County Technical College,WI,WCTC,WCTC
University of Wisconsin-Whitewater,WI,UWW,UWW
Northwood Technical College,WI,NTC,NTC
Wisconsin School of Professional Psychology,WI,WSPP,WSPP
University of Wisconsin-Eau Claire,WI,UWEC,UWEC
University of Wisconsin-Green Bay,WI,UWGB,UWGB
University of Wisconsin-La Crosse,WI,UWLC,UWLC
Wisconsin Lutheran College,WI,WLC,WLC
University of Wisconsin-Oshkosh,WI,UWO,UWO
University of Wisconsin-Parkside,WI,UWP,UWP
Herzing University-Madison,WI,HUM,HUM
University of Wisconsin-Stout,WI,UWS,UWS
University of Wisconsin-Superior,WI,UWS,UWS
University of Wisconsin-Madison,WI,UWM,UWM
University of Wisconsin-Milwaukee,WI,UWM,UWM
University of Wisconsin-Platteville,WI,UWP,UWP
University of Wisconsin-River Falls,WI,UWRF,UWRF
University of Wisconsin-Stevens Point,WI,UWSP,UWSP
Casper College,WY,CC,CC
Central Wyoming College,WY,CWC,CWC
Eastern Wyoming College,WY,EWC,EWC
Laramie County Community College,WY,LCCC,LCCC
Northwest College,WY,NC,NC
Northern Wyoming Community College District,WY,NWCCD,NWCCD
Western Wyoming Community College,WY,WWCC,WWCC
Cheeks Beauty Academy,WY,CBA,CBA
WyoTech,WY,,WyoTech
University of Wyoming,WY,UW,UW
American Samoa Community College,AS,ASCC,ASCC
Guam Community College,GU,GCC,GCC
University of Guam,GU,UG,UG
Northern Marianas College,MP,NMC,NMC
Institute of Beauty Careers,PR,IBC,IBC
American Educational College,PR,AEC,AEC
Antilles School of Technical Careers,PR,ASTC,ASTC
Universidad Adventista de las Antillas,PR,UADLA,UADLA
Atlantic University,PR,AU,AU
Universidad Central de Bayamon,PR,UCDB,UCDB
Albizu University-San Juan,PR,AUSJ,AUSJ
Caribbean University-Bayamon,PR,CUB,CUB
Caribbean University-Carolina,PR,CUC,CUC
Pontifical Catholic University of Puerto Rico-Arecibo,PR,PCUPRA,PCUPRA
Pontifical Catholic University of Puerto Rico-Ponce,PR,PCUPRP,PCUPRP
CEM College-San Juan,PR,CCSJ,CCSJ
Universidad Teologica del Caribe,PR,UTDC,UTDC
Colegio Universitario de San Juan,PR,CUDSJ,CUDSJ
Universidad Ana G. Mendez-Cupey Campus,PR,UAGMCC,UAGMCC
Puerto Rico Conservatory of Music,PR,PRCM,PRCM
Center for Advanced Studies On Puerto Rico and the Caribbean,PR,CASOPRC,CASOPRC
EDP University of Puerto Rico Inc-San Sebastian,PR,EUPRISS,EUPRISS
Escuela de Artes Plasticas y Diseno de Puerto Rico,PR,EDAPYDDPR,EDAPYDDPR
Instituto Tecnologico de Puerto Rico-Recinto de Manati,PR,ITDPRRDM,ITDPRRDM
Huertas College,PR,HC,HC
Humacao Community College,PR,HCC,HCC
ICPR Junior College-Arecibo,PR,IJCA,IJCA
ICPR Junior College-Mayaguez,PR,IJCM,IJCM
Instituto Tecnologico de Puerto Rico-Recinto de Guayama,PR,ITDPRRDG,ITDPRRDG
Instituto Tecnologico de Puerto Rico-Recinto de San Juan,PR,ITDPRRDSJ,ITDPRRDSJ
Inter American University of Puerto Rico-San German,PR,IAUPRSG,IAUPRSG
Inter American University of Puerto Rico-Aguadilla,PR,IAUPRA,IAUPRA
Inter American University of Puerto Rico-Arecibo,PR,IAUPRA,IAUPRA
Inter American University of Puerto Rico-Barranquitas,PR,IAUPRB,IAUPRB
Inter American University of Puerto Rico-Metro,PR,IAUPRM,IAUPRM
Inter American University of Puerto Rico-Ponce,PR,IAUPRP,IAUPRP
Inter American University of Puerto Rico-Fajardo,PR,IAUPRF,IAUPRF
Inter American University of Puerto Rico-Guayama,PR,IAUPRG,IAUPRG
Inter American University of Puerto Rico-Bayamon,PR,IAUPRB,IAUPRB
Inter American University of Puerto Rico-School of Law,PR,IAUPRSL,IAUPRSL
Liceo de Arte y Tecnologia,PR,LDAYT,LDAYT
Modern Hairstyling Institute-Bayamon,PR,MHIB,MHIB
Modern Hairstyling Institute-Arecibo,PR,MHIA,MHIA
NUC University,PR,NU,NU
Ponce Health Sciences University,PR,PHSU,PHSU
University of Puerto Rico-Aguadilla,PR,UPRA,UPRA
University of Puerto Rico-Arecibo,PR,UPRA,UPRA
University of Puerto Rico,PR,UPR,UPR
University of Puerto Rico-Carolina,PR,UPRC,UPRC
University of Puerto Rico at Cayey,PR,UPRC,UPRC
University of Puerto Rico-Humacao,PR,UPRH,UPRH
University of Puerto Rico-Utuado,PR,UPRU,UPRU
University of Puerto Rico-Mayaguez,PR,UPRM,UPRM
University of Puerto Rico-Medical Sciences,PR,UPRMS,UPRMS
University of Puerto Rico at Ponce,PR,UPRP,UPRP
University of Puerto Rico-Rio Piedras,PR,UPRRP,UPRRP
Universidad Ana G. Mendez-Carolina Campus,PR,UAGMCC,UAGMCC
Universidad del Sagrado Corazon,PR,UDSC,UDSC
Seminario Evangelico de Puerto Rico,PR,SEDPR,SEDPR
Universidad Central Del Caribe,PR,UCDC,UCDC
Universidad Politecnica de Puerto Rico,PR,UPDPR,UPDPR
Pontifical Catholic University of Puerto Rico-Mayaguez,PR,PCUPRM,PCUPRM
Universidad Ana G. Mendez-Gurabo Campus,PR,UAGMGC,UAGMGC
College of Micronesia-FSM,FM,CMF,CMF
Palau Community College,PW,PCC,PCC
University of the Virgin Islands,VI,UVI,UVI
Stanford University,CA,SU,SU
Purdue University-Main Campus,IN,PUMC,PUMC
Parker University,TX,PU,PU
EDP University of Puerto Rico Inc-San Juan,PR,EUPRISJ,EUPRISJ
ICPR Junior College,PR,IJC,IJC
Meridian College,FL,MC,MC
Georgia State University-Perimeter College,GA,GSUPC,GSUPC
Georgia Piedmont Technical College,GA,GPTC,GPTC
ETI School of Skilled Trades,IL,ESST,ESST
Traxlers School of Hair,MS,TSH,TSH
Warren County Community College,NJ,WCCC,WCCC
Bais Medrash Elyon,NY,BME,BME
Antioch University-Los Angeles,CA,AULA,AULA
Antioch University-Santa Barbara,CA,AUSB,AUSB
Antioch University-New England,NH,AUNE,AUNE
Antioch University-Seattle,WA,AUS,AUS
Antioch University,OH,AU,AU
Mid-America Christian University,OK,MACU,MACU
Miller-Motte College-Tulsa,OK,MMCT,MMCT
Ponca City Beauty College,OK,PCBC,PCBC
Francis Tuttle Technology Center,OK,FTTC,FTTC
Central Technology Center,OK,CTC,CTC
Carrington College-Portland,OR,CCP,CCP
Career Technology Center of Lackawanna County,PA,CTCLC,CTCLC
Palo Alto College,TX,PAC,PAC
UCAS University of Cosmetology Arts & Sciences-San Antonio 410,TX,UUCASSA,UUCASSA
Central Texas Beauty College-Round Rock,TX,CTBCRR,CTBCRR
HJ International Graduate School for Peace and Public Leadership,NY,HIGSPPL,HIGSPPL
Athens Technical College,GA,ATC,ATC
GateWay Community College-Central City,AZ,GCCCC,GCCCC
Carrington College-San Leandro Campus,CA,CCSLC,CCSLC
Headmasters School of Hair Design,ID,HSHD,HSHD
The Salon Professional Academy-Nampa,ID,SPAN,SPAN
Beckfield College-Florence,KY,BCF,BCF
Dorsey College-Wayne,MI,DCW,DCW
Ecumenical Theological Seminary,MI,ETS,ETS
Ross Medical Education Center-Saginaw,MI,RMECS,RMECS
Sussex County Community College,NJ,SCCC,SCCC
Landmark College,VT,LC,LC
Yeshiva Gedolah of Greater Detroit,MI,YGGD,YGGD
Collin County Community College District,TX,CCCCD,CCCCD
Owensboro Community and Technical College,KY,OCTC,OCTC
Cloyd's Beauty School 3 Inc,LA,CBSI,CBSI
Moore Norman Technology Center,OK,MNTC,MNTC
Fayette County Career & Technical Institute Practical Nursing Program,PA,FCCTIPNP,FCCTIPNP
Franklin County Career and Technology Center,PA,FCCTC,FCCTC
Ogle School Hair Skin Nails-Hurst,TX,OSHSNH,OSHSNH
Tennessee College of Applied Technology Nashville,TN,TCATN,TCATN
ECPI University,VA,EU,EU
Ms Roberts Academy of Beauty Culture,IL,MRABC,MRABC
Paul Mitchell the School-Houston,TX,PMSH,PMSH
Fortis Institute-Forty Fort,PA,FIFF,FIFF
Aviation Institute of Maintenance-Philadelphia,PA,AIMP,AIMP
Dorsey College-Roseville,MI,DCR,DCR
Moler-Pickens Beauty Academy,OH,MPBA,MPBA
Red River Technology Center,OK,RRTC,RRTC
Southern Union State Community College,AL,SUSCC,SUSCC
South University-Columbia,SC,SUC,SUC
Greene County Career and Technology Center,PA,GCCTC,GCCTC
Lac Courte Oreilles Ojibwe University,WI,LCOOU,LCOOU
Diesel Driving Academy-Shreveport,LA,DDAS,DDAS
Pima Medical Institute-Mesa,AZ,PMIM,PMIM
Platt College-Los Angeles,CA,PCLA,PCLA
Paul Mitchell the School-Boise,ID,PMSB,PMSB
Educators of Beauty College of Cosmetology-Rockford,IL,EBCCR,EBCCR
Douglas J Aveda Institute,MI,DJAI,DJAI
Ross Medical Education Center-Brighton,MI,RMECB,RMECB
Ross Medical Education Center-Ann Arbor,MI,RMECAA,RMECAA
Dorsey School of Beauty,MI,DSB,DSB
Pike-Lincoln Technical Center,MO,PLTC,PLTC
St Charles Community College,MO,SCCC,SCCC
University of Massachusetts Global,CA,UMG,UMG
New College of Florida,FL,NCF,NCF
Montana Bible College,MT,MBC,MBC
Conservatory of Recording Arts and Sciences,AZ,CRAS,CRAS
Dr. Ida Rolf Institute,CO,DIRI,DIRI
Aveda Institute-Fort Myers,FL,AIFM,AIFM
Ross Medical Education Center-Port Huron,MI,RMECPH,RMECPH
Raphael's School of Beauty Culture Inc-Alliance,OH,RSBCIA,RSBCIA
Metro Technology Centers,OK,MTC,MTC
Luna Community College,NM,LCC,LCC
Grabber School of Hair Design,MO,GSHD,GSHD
Yeshivah Gedolah Rabbinical College,FL,YGRC,YGRC
Raphael's School of Beauty Culture Inc-Brunswick,OH,RSBCIB,RSBCIB
Caribbean University-Ponce,PR,CUP,CUP
Caribbean University-Vega Baja,PR,CUVB,CUVB
University of Advancing Technology,AZ,UAT,UAT
Paradise Valley Community College,AZ,PVCC,PVCC
Chandler-Gilbert Community College,AZ,CGCC,CGCC
Great Plains Technology Center,OK,GPTC,GPTC
Roane-Jackson Technical Center,WV,RJTC,RJTC
Pioneer Technology Center,OK,PTC,PTC
Portage Lakes Career Center,OH,PLCC,PLCC
Caddo Kiowa Technology Center,OK,CKTC,CKTC
Center for Instruction Technology & Innovation,NY,CITI,CITI
International School of Skin Nailcare & Massage Therapy,GA,ISSNMT,ISSNMT
Palomar Institute of Cosmetology,CA,PIC,PIC
Southern Oklahoma Technology Center,OK,SOTC,SOTC
Autry Technology Center,OK,ATC,ATC
Greene County Career Center,OH,GCCC,GCCC
Canadian Valley Technology Center,OK,CVTC,CVTC
Wilkes-Barre Area Career and Technical Center Practical Nursing,PA,WBACTCPN,WBACTCPN
Meridian Technology Center,OK,MTC,MTC
Waynesville Career Center,MO,WCC,WCC
Capitol Beauty School,NE,CBS,CBS
Morris County Vocational School District,NJ,MCVSD,MCVSD
Ross Medical Education Center-Roosevelt Park,MI,RMECRP,RMECRP
Ross Medical Education Center-Kentwood,MI,RMECK,RMECK
South Florida Bible College and Theological Seminary,FL,SFBCTS,SFBCTS
Cloyd's Barber School 2 Inc,LA,CBSI,CBSI
Universal Technical Institute of Illinois Inc,IL,UTIII,UTIII
Pennsylvania College of Technology,PA,PCT,PCT
Commonwealth Institute of Funeral Service,TX,CIFS,CIFS
Delta College of Arts & Technology,LA,DCAT,DCAT
Stone Child College,MT,SCC,SCC
New York Academy of Art,NY,NYAA,NYAA
Suffolk County Community College,NY,SCCC,SCCC
Las Positas College,CA,LPC,LPC
Ogeechee Technical College,GA,OTC,OTC
Remington College-Mobile Campus,AL,RCMC,RCMC
Southern Technical College,FL,STC,STC
Mercy-St Luke's School of Radiologic Technology,IA,MSLSRT,MSLSRT
Northwest Technology Center-Alva,OK,NTCA,NTCA
California State University-San Marcos,CA,CSUSM,CSUSM
Tricoci University of Beauty Culture LLC-Bloomington,IN,TUBCLB,TUBCLB
Interactive College of Technology-Newport,KY,ICTN,ICTN
Ross Medical Education Center-Taylor,MI,RMECT,RMECT
Interactive College of Technology,TX,ICT,ICT
Butler Beauty Academy-New Castle Beauty Academy,PA,BBANCBA,BBANCBA
NorthWest Arkansas Community College,AR,NACC,NACC
H W Brewster Technical College,FL,HWBTC,HWBTC
University of St. Augustine for Health Sciences,CA,USAHS,USAHS
Capital Area Career Center,IL,CACC,CACC
Empire Beauty School-Bloomfield,NJ,EBSB,EBSB
Southwest Technology Center,OK,STC,STC
Western Area Career & Technology Center,PA,WACTC,WACTC
Nossi College of Art and Design,TN,NCAD,NCAD
Pima Medical Institute-Seattle,WA,PMIS,PMIS
Mineral County Vocational Technical Center,WV,MCVTC,MCVTC
Hypnosis Motivation Institute,CA,HMI,HMI
Thanh Le College School of Cosmetology,CA,TLCSC,TLCSC
Southeastern Technical College,GA,STC,STC
Massachusetts School of Law,MA,MSL,MSL
Universal Technical Institute-Orlando,FL,UTIO,UTIO
Erwin Technical College,FL,ETC,ETC
Rosel School of Cosmetology,IL,RSC,RSC
Worsham College of Mortuary Science,IL,WCMS,WCMS
Central Pennsylvania Institute of Science and Technology,PA,CPIST,CPIST
Northwest Educational Center,TX,NEC,NEC
PCI Health Training Center,TX,PHTC,PHTC
Hamrick School,OH,HS,HS
Fortis College,AL,FC,FC
Downey Adult School,CA,DAS,DAS
CRU Institute of Cosmetology and Barbering,CA,CICB,CICB
Modern Technology School,CA,MTS,MTS
National Career Education,CA,NCE,NCE
North-West College-Glendale,CA,NWCG,NWCG
Fremont University,CA,FU,FU
Pomona Unified School District Adult and Career Education,CA,PUSDACE,PUSDACE
Universal College of Beauty Inc-Los Angeles 2,CA,UCBILA,UCBILA
IBMC College,CO,IC,IC
Avalon Institute-Aurora,CO,AIA,AIA
Academy of Cosmetology,FL,AC,AC
Fortis College-Smyrna,GA,FCS,FCS
Ross College-Davenport,IA,RCD,RCD
Pivot Point Academy,IL,PPA,PPA
Blalock's Professional Beauty College,LA,BPBC,BPBC
Diesel Driving Academy-Baton Rouge,LA,DDABR,DDABR
New England Hair Academy,MA,NEHA,NEHA
Rob Roy Academy-Worcester,MA,RRAW,RRAW
Upper Cape Cod Regional Technical School,MA,UCCRTS,UCCRTS
All-State Career-Baltimore,MD,ASCB,ASCB
Adler Graduate School,MN,AGS,AGS
Mississippi Barber Academy,MS,MBA,MBA
KC's School of Hair Design,MS,KSHD,KSHD
Lincoln Technical Institute-Moorestown,NJ,LTIM,LTIM
MCVSD,NJ,,MCVSD
Yeshiva Gedolah Imrei Yosef D'spinka,NY,YGIYD,YGIYD
Knox County Career Center,OH,KCCC,KCCC
Madison Adult Career Center,OH,MACC,MACC
Remington College-Cleveland Campus,OH,RCCC,RCCC
Brown & Clermont Adult Career Campuses,OH,BCACC,BCACC
Chisholm Trail Technology Center,OK,CTTC,CTTC
Gordon Cooper Technology Center,OK,GCTC,GCTC
Kiamichi Technology Center-McAlester,OK,KTCM,KTCM
YTI Career Institute-Altoona,PA,YCIA,YCIA
Eastern Center for Arts and Technology,PA,ECAT,ECAT
Empire Beauty School-Center City Philadelphia,PA,EBSCCP,EBSCCP
CEM College-Humacao,PR,CCH,CCH
Colegio Mayor de Tecnologia Inc,PR,CMDTI,CMDTI
Institucion Chaviano de Mayaguez,PR,ICDM,ICDM
Liceo de Arte-Dise-O y Comercio,PR,LDADOYC,LDADOYC
Universal Technology College of Puerto Rico,PR,UTCPR,UTCPR
Academy of Hair Technology,SC,AHT,AHT
Mr Wayne's School of Unisex Hair Design,TN,MWSUHD,MWSUHD
College of the Marshall Islands,MH,CMI,CMI
Remington College-Fort Worth Campus,TX,RCFWC,RCFWC
UCAS University of Cosmetology Arts & Sciences,TX,UUCAS,UUCAS
School of Automotive Machinists & Technology,TX,SAMT,SAMT
Nuvani Institute,TX,NI,NI
Texas College of Cosmetology-Abilene,TX,TCCA,TCCA
Centura College-Newport News,VA,CCNN,CCNN
Centura College-Norfolk,VA,CCN,CCN
Virginia Beach City Public Schools School of Practical Nursing,VA,VBCPSSPN,VBCPSSPN
Northwest College of Art & Design,WA,NCAD,NCAD
University of Washington-Bothell Campus,WA,UWBC,UWBC
University of Washington-Tacoma Campus,WA,UWTC,UWTC
Huntington School of Beauty Culture,WV,HSBC,HSBC
Valley College-Beckley,WV,VCB,VCB
Valley College-Martinsburg,WV,VCM,VCM
Bellus Academy-Poway,CA,BAP,BAP
Capstone College,CA,CC,CC
Central Coast College,CA,CCC,CCC
Pacific College of Health and Science,CA,PCHS,PCHS
Artistic Nails and Beauty Academy-Tampa,FL,ANBAT,ANBAT
National Aviation Academy of Tampa Bay,FL,NAATB,NAATB
Madison Oneida BOCES-Practical Nursing Program,NY,MOBPNP,MOBPNP
College of Health Care Professions,TX,CHCP,CHCP
Center for Advanced Legal Studies,TX,CALS,CALS
Houston Training School-Main Campus,TX,HTSMC,HTSMC
Bay Mills Community College,MI,BMCC,BMCC
Fond du Lac Tribal and Community College,MN,FDLTCC,FDLTCC
Northwest Indian College,WA,NIC,NIC
Provo College,UT,PC,PC
CET-Coachella,CA,CC,CC
CET-Oxnard,CA,CO,CO
CET-Santa Maria,CA,CSM,CSM
Colorado Chinese Medicine University,CO,CCMU,CCMU
Michigan College of Beauty-Troy,MI,MCBT,MCBT
Ogle School Hair Skin Nails-Dallas,TX,OSHSND,OSHSND
Phoenix Seminary,AZ,PS,PS
Faust Institute of Cosmetology-Spirit Lake,IA,FICSL,FICSL
Colorado School of Healing Arts,CO,CSHA,CSHA
Mt. Diablo Adult Education-Mt. Diablo USD,CA,MDAEMDU,MDAEMDU
Greater Lowell Technical School,MA,GLTS,GLTS
Academy of Hair Design-Pearl,MS,AHDP,AHDP
Genesis Career College-Lebanon,TN,GCCL,GCCL
Southwest College for the Deaf,TX,SCD,SCD
Fortis College-Richmond,VA,FCR,FCR
Midwest College of Oriental Medicine-Racine,WI,MCOMR,MCOMR
Hacienda La Puente Adult Education,CA,HLPAE,HLPAE
La Belle Beauty Academy,FL,LBBA,LBBA
Hawaii Community College,HI,HCC,HCC
Robert Fiance Beauty Schools-North Plainfield,NJ,RFBSNP,RFBSNP
Long Island Beauty School-Hauppauge,NY,LIBSH,LIBSH
Buckeye Joint Vocational School,OH,BJVS,BJVS
Sandusky Career Center,OH,SCC,SCC
Greater Altoona Career & Technology Center,PA,GACTC,GACTC
Central Texas Beauty College-Temple,TX,CTBCT,CTBCT
Erie 2 Chautauqua Cattaraugus BOCES-Practical Nursing Program,NY,ECCBPNP,ECCBPNP
Eastern New Mexico University Ruidoso Branch Community College,NM,ENMURBCC,ENMURBCC
UEI College-Ontario,CA,UCO,UCO
UEI College-Reseda,CA,UCR,UCR
Beacon College,FL,BC,BC
Acupuncture and Integrative Medicine College-Berkeley,CA,AIMCB,AIMCB
Estrella Mountain Community College,AZ,EMCC,EMCC
Heartland Community College,IL,HCC,HCC
University of the Potomac-Washington DC Campus,DC,UPWDC,UPWDC
Rabbi Jacob Joseph School,NJ,RJJS,RJJS
The Salon Professional Academy-Melbourne,FL,SPAM,SPAM
Albert Einstein College of Medicine,NY,AECM,AECM
Fortis Institute-Scranton,PA,FIS,FIS
Everglades University,FL,EU,EU
Seminar L'moros Bais Yaakov,NY,SLBY,SLBY
Herzing University-Orlando,FL,HUO,HUO
College of Biblical Studies-Houston,TX,CBSH,CBSH
Mercaz Hatorah of Belle Harbor,NY,MHBH,MHBH
Mid-EastCTC-Adult Education,OH,MEAE,MEAE
Polaris Career Center,OH,PCC,PCC
P&A Scholars Beauty School,MI,PSBS,PSBS
Sharp's Academy of Hairstyling,MI,SAH,SAH
The College of Health Care Professions-Northwest,TX,CHCPN,CHCPN
School of Professional Horticulture New York Botanical Garden,NY,SPHNYBG,SPHNYBG
UEI College-Gardena,CA,UCG,UCG
Asian-American International Beauty College,CA,AAIBC,AAIBC
Copper Mountain Community College,CA,CMCC,CMCC
Diversified Vocational College,CA,DVC,DVC
UEI College-Fresno,CA,UCF,UCF
Santiago Canyon College,CA,SCC,SCC
Southern California Institute of Technology,CA,SCIT,SCIT
Soka University of America,CA,SUA,SUA
Summit College,CA,SC,SC
Advance Beauty College,CA,ABC,ABC
Los Angeles Pacific College,CA,LAPC,LAPC
World Mission University,CA,WMU,WMU
Yo San University of Traditional Chinese Medicine,CA,YSUTCM,YSUTCM
John Amico School of Hair Design,IL,JASHD,JASHD
Delta College Inc,LA,DCI,DCI
Tri-State Cosmetology Institute,TX,TSCI,TSCI
Brookline College-Tempe,AZ,BCT,BCT
Inter American University of Puerto Rico-School of Optometry,PR,IAUPRSO,IAUPRSO
Schiller International University,FL,SIU,SIU
Coconino Community College,AZ,CCC,CCC
Emma's Beauty Academy-Juana Diaz,PR,EBAJD,EBAJD
Brillare Beauty Institute,TN,BBI,BBI
Pima Medical Institute-Denver,CO,PMID,PMID
Ohio State School of Cosmetology-Heath,OH,OSSCH,OSSCH
Yeshivas Novominsk,NY,YN,YN
Southern Careers Institute-Corpus Christi,TX,SCICC,SCICC
Rabbinical College of Ohr Shimon Yisroel,NY,RCOSY,RCOSY
Carroll Community College,MD,CCC,CCC
Galen College of Nursing-Tampa Bay,FL,GCNTB,GCNTB
Galen College of Nursing-San Antonio,TX,GCNSA,GCNSA
Sarasota School of Massage Therapy,FL,SSMT,SSMT
Schuyler Steuben Chemung Tioga Allegany BOCES,NY,SSCTAB,SSCTAB
Delaware Chenango Madison Otsego BOCES-Practical Nursing Program,NY,DCMOBPNP,DCMOBPNP
Central Susquehanna Intermediate Unit LPN Career,PA,CSIULC,CSIULC
Cosmetology Training Center,LA,CTC,CTC
Stage One-The Hair School,LA,SOHS,SOHS
Empire Beauty School-Malden,MA,EBSM,EBSM
Xenon A Stephanie Moss Academy,NE,XSMA,XSMA
Orlo School of Hair Design and Cosmetology,NY,OSHDC,OSHDC
Eastland-Fairfield Career and Technical Schools,OH,EFCTS,EFCTS
Empire Beauty School-Cincinnati,OH,EBSC,EBSC
Mahoning County Career and Technical Center,OH,MCCTC,MCCTC
Maplewood Area Joint Vocational School,OH,MAJVS,MAJVS
Pickaway Ross Joint Vocational School District,OH,PRJVSD,PRJVSD
Pioneer Career and Technology Center,OH,PCTC,PCTC
Raphael's School of Beauty Culture Inc-Boardman,OH,RSBCIB,RSBCIB
Scioto County Career Technical Center,OH,SCCTC,SCCTC
Pacific Bible College,OR,PBC,PBC
Lake Erie College of Osteopathic Medicine,PA,LECOM,LECOM
UCAS University of Cosmetology Arts & Sciences-Harlingen,TX,UUCASH,UUCASH
Paul Mitchell the School-Federal Way,WA,PMSFW,PMSFW
Empire Beauty School-Green Bay,WI,EBSGB,EBSGB
Warren County Career Center,OH,WCCC,WCCC
Paul Mitchell the School-Wichita,KS,PMSW,PMSW
Pinnacle Institute of Cosmetology,NC,PIC,PIC
Southern Careers Institute-Pharr,TX,SCIP,SCIP
Florida National University-Main Campus,FL,FNUMC,FNUMC
Georgia Institute of Cosmetology,GA,GIC,GIC
Nouvelle Institute,FL,NI,NI
Franklin Technology Center Adult Education,MO,FTCAE,FTCAE
Professional Technical Institution,PR,PTI,PTI
Erikson Institute,IL,EI,EI
South Texas College,TX,STC,STC
Pike County Joint Vocational School District,OH,PCJVSD,PCJVSD
Lorain County Joint Vocational School District,OH,LCJVSD,LCJVSD
Roger Williams University School of Law,RI,RWUSL,RWUSL
California State University-Monterey Bay,CA,CSUMB,CSUMB
Ohio Media School-Valley View,OH,OMSVV,OMSVV
EINE Inc,MA,EI,EI
Marian Health Careers Center-Los Angeles Campus,CA,MHCCLAC,MHCCLAC
Cleveland Clinic School of Health Professions Radiologic Technology Program,OH,CCSHPRTP,CCSHPRTP
Academy for Nursing and Health Occupations,FL,ANHO,ANHO
Shawsheen Valley School of Practical Nursing,MA,SVSPN,SVSPN
Shear Ego International School of Hair Design,NY,SEISHD,SEISHD
Remington College-Memphis Campus,TN,RCMC,RCMC
Fayette Institute of Technology,WV,FIT,FIT
Capella University,MN,CU,CU
College of Menominee Nation,WI,CMN,CMN
Leech Lake Tribal College,MN,LLTC,LLTC
Spartan College of Aeronautics & Technology,CA,SCAT,SCAT
Yukon Beauty College Inc,OK,YBCI,YBCI
United Education Institute-Morrow,GA,UEIM,UEIM
Artistic Academy of Hair Design,NJ,AAHD,AAHD
Motoring Technical Training Institute,MA,MTTI,MTTI
Mech-Tech College,PR,MTC,MTC
Baldwin Beauty School-North Austin,TX,BBSNA,BBSNA
Jean Madeline Aveda Institute,PA,JMAI,JMAI
Tricoci University of Beauty Culture-Indianapolis,IN,TUBCI,TUBCI
Trine University-Regional/Non-Traditional Campuses,IN,TURNTC,TURNTC
Pennsylvania Highlands Community College,PA,PHCC,PHCC
Nevada Career Institute,NV,NCI,NCI
Phillips Theological Seminary,OK,PTS,PTS
Empire Beauty School-Hanover,PA,EBSH,EBSH
Industrial Management Training Institute,CT,IMTI,IMTI
Allen School-Jamaica,NY,ASJ,ASJ
Premiere Career College,CA,PCC,PCC
The University of Texas MD Anderson Cancer Center,TX,UTMACC,UTMACC
Estes Institute of Cosmetology Arts and Science,CA,EICAS,EICAS
Baldwin Park Adult & Community Education,CA,BPACE,BPACE
Ventura Adult and Continuing Education,CA,VACE,VACE
Career Center of Southern Illinois,IL,CCSI,CCSI
Crave Beauty Academy,KS,CBA,CBA
Hastings Beauty School,MN,HBS,HBS
Kirksville Area Technical Center,MO,KATC,KATC
Southern Missouri Technical Institute,MO,SMTI,SMTI
Saline County Career Center,MO,SCCC,SCCC
Warrensburg Area Career Center,MO,WACC,WACC
Cass Career Center,MO,CCC,CCC
Applied Tech,MO,AT,AT
Central College of Cosmetology,MO,CCC,CCC
Southeast Missouri Hospital College of Nursing and Health Sciences,MO,SMHCNHS,SMHCNHS
Messenger College,TX,MC,MC
Union County Vocational Technical School,NJ,UCVTS,UCVTS
Prism Career Institute-Philadelphia,PA,PCIP,PCIP
Clinton Essex Warren Washington BOCES,NY,CEWWB,CEWWB
Jefferson Lewis BOCES-Practical Nursing Program,NY,JLBPNP,JLBPNP
Veeb Nassau County School of Practical Nursing,NY,VNCSPN,VNCSPN
Cattaraugus Allegany BOCES-Practical Nursing Program,NY,CABPNP,CABPNP
Orange Ulster BOCES,NY,OUB,OUB
Broome Delaware Tioga BOCES-Practical Nursing Program,NY,BDTBPNP,BDTBPNP
Washington Saratoga Warren Hamilton Essex BOCES-Practical Nursing Program,NY,WSWHEBPNP,WSWHEBPNP
Albany BOCES-Adult Practical Nursing Program,NY,ABAPNP,ABAPNP
Eastern Suffolk BOCES,NY,ESB,ESB
Rockland County BOCES-Practical Nursing Program,NY,RCBPNP,RCBPNP
New York College of Health Professions,NY,NYCHP,NYCHP
Charles Stuart School of Diamond Setting,NY,CSSDS,CSSDS
Career and Technology Education Centers of Licking County,OH,CTECLC,CTECLC
Northern Career Institute,OH,NCI,NCI
Washington County Career Center-Adult Technical Training,OH,WCCCATT,WCCCATT
Ohio Media School-Cincinnati,OH,OMSC,OMSC
Vantage Career Center,OH,VCC,VCC
Indian Capital Technology Center-Muskogee,OK,ICTCM,ICTCM
Western Technology Center,OK,WTC,WTC
Mid-America Technology Center,OK,MATC,MATC
Eastern Oklahoma County Technology Center,OK,EOCTC,EOCTC
Wes Watkins Technology Center,OK,WWTC,WWTC
York County School of Technology-Adult & Continuing Education,PA,YCSTACE,YCSTACE
Chester County Intermediate Unit,PA,CCIU,CCIU
Jefferson County DuBois Area Vocational Technical School,PA,JCDAVTS,JCDAVTS
Greater Johnstown Career and Technology Center,PA,GJCTC,GJCTC
Mifflin County Academy of Science and Technology,PA,MCAST,MCAST
Lenape Technical School Practical Nursing Program,PA,LTSPNP,LTSPNP
Venango County Area Vocational Technical School,PA,VCAVTS,VCAVTS
Lancaster County Career and Technology Center,PA,LCCTC,LCCTC
Indiana County Technology Center,PA,ICTC,ICTC
Northern Tier Career Center,PA,NTCC,NTCC
Hazleton Area Career Center,PA,HACC,HACC
All-State Career School-Pittsburgh,PA,ASCSP,ASCSP
D'Mart Institute,PR,DI,DI
Automeca Technical College-Aguadilla,PR,ATCA,ATCA
North Central Institute,TN,NCI,NCI
Tint School of Makeup and Cosmetology-Dallas,TX,TSMCD,TSMCD
United Technical Center,WV,UTC,UTC
Charles H McCann Technical School,MA,CHMTS,CHMTS
Central California School of Continuing Education,CA,CCSCE,CCSCE
HCA Florida Mercy Hospital School of Practical Nursing,FL,HFMHSPN,HFMHSPN
Rivertown School of Beauty Barber Skin Care and Nails,GA,RSBBSCN,RSBBSCN
Atlanta Institute of Music and Media,GA,AIMM,AIMM
Illinois Media School,IL,IMS,IMS
New Dimensions School,MO,NDS,NDS
Jna Institute of Culinary Arts,PA,JICA,JICA
Putnam Career and Technical Center,WV,PCTC,PCTC
Texas College of Cosmetology-San Angelo,TX,TCCSA,TCCSA
Automeca Technical College-Bayamon,PR,ATCB,ATCB
Automeca Technical College-Caguas,PR,ATCC,ATCC
Automeca Technical College-Ponce,PR,ATCP,ATCP
Prism Career Institute-Cherry Hill,NJ,PCICH,PCICH
Sonoran University of Health Sciences,AZ,SUHS,SUHS
Yeshiva D'monsey Rabbinical College,NY,YDRC,YDRC
Lincoln Technical Institute-Mahwah,NJ,LTIM,LTIM
Northwest Vista College,TX,NVC,NVC
Oconee Fall Line Technical College,GA,OFLTC,OFLTC
York County Community College,ME,YCCC,YCCC
Western Suffolk BOCES,NY,WSB,WSB
Arkansas State University-Mountain Home,AR,ASUMH,ASUMH
Columbia Gorge Community College,OR,CGCC,CGCC
Bakke Graduate University,TX,BGU,BGU
Tillamook Bay Community College,OR,TBCC,TBCC
Manhattan School of Computer Technology,NY,MSCT,MSCT
Ross College-Hopkinsville,KY,RCH,RCH
Paul Mitchell the School-St. George,UT,PMSSG,PMSSG
Cadillac Institute of Cosmetology,MI,CIC,CIC
Arizona College of Nursing-Tempe,AZ,ACNT,ACNT
Vanguard-Sentinel Adult Career and Technology Center,OH,VSACTC,VSACTC
Academy of Beauty Professionals,MO,ABP,ABP
Eastern International College-Jersey City,NJ,EICJC,EICJC
Academia Serrant Inc,PR,ASI,ASI
San Joaquin Valley College-Trades Education Center,CA,SJVCTEC,SJVCTEC
Pacific College,CA,PC,PC
American College of Healthcare and Technology,CA,ACHT,ACHT
Compu-Med Vocational Careers Corp,FL,CMVCC,CMVCC
Advantage Technical College,PR,ATC,ATC
Mid Cities Barber College,TX,MCBC,MCBC
Midwestern University-Glendale,AZ,MUG,MUG
Oregon Coast Community College,OR,OCCC,OCCC
Gwinnett College,GA,GC,GC
Embry-Riddle Aeronautical University-Worldwide,FL,ERAUW,ERAUW
Merkaz Bnos-Business School,NY,MBBS,MBBS
Lia Schorr Institute of Cosmetic Skin Care Training,NY,LSICSCT,LSICSCT
Aviation Institute of Maintenance-Norfolk,VA,AIMN,AIMN
Osceola Technical College,FL,OTC,OTC
Miami Ad School,FL,MAS,MAS
Green Country Technology Center,OK,GCTC,GCTC
Nova College de Puerto Rico,PR,NCDPR,NCDPR
John Wesley International Barber and Beauty College,CA,JWIBBC,JWIBBC
Southeastern College-Boynton Beach,FL,SCBB,SCBB
Ottawa University-Milwaukee,WI,OUM,OUM
Klamath Community College,OR,KCC,KCC
American College of Acupuncture and Oriental Med,TX,ACAOM,ACAOM
Urban College of Boston,MA,UCB,UCB
Strayer University-Maryland,MD,SUM,SUM
Empire Beauty School-Monroeville,PA,EBSM,EBSM
Southern Careers Institute-San Antonio,TX,SCISA,SCISA
Cayce/Reilly School of Massage,VA,CRSM,CRSM
Prism Career Institute-West Atlantic City,NJ,PCIWAC,PCIWAC
Studio Jewelers,NY,SJ,SJ
Praxis Institute,FL,PI,PI
San Juan Bautista School of Medicine,PR,SJBSM,SJBSM
Texas Health and Science University,TX,THSU,THSU
Carver Career Center,WV,CCC,CCC
Cayuga Onondaga BOCES-Practical Nursing Program,NY,COBPNP,COBPNP
Clearfield County Career and Technology Center,PA,CCCTC,CCCTC
Colegio de Cinematografia Artes y Television,PR,CDCAYT,CDCAYT
Delaware County Technical School-Practical Nursing Program,PA,DCTSPNP,DCTSPNP
Mid-Del Technology Center,OK,MDTC,MDTC
New York Institute of Massage Inc,NY,NYIMI,NYIMI
Dutchess BOCES-Practical Nursing Program,NY,DBPNP,DBPNP
Escuela Tecnica de Electricidad,PR,ETDE,ETDE
Institute of Technology,CA,IT,IT
Genesee Valley BOCES-Practical Nursing Program,NY,GVBPNP,GVBPNP
Henrico County-Saint Marys Hospital School of Practical Nursing,VA,HCSMHSPN,HCSMHSPN
Herkimer County BOCES-Practical Nursing Program,NY,HCBPNP,HCBPNP
Graduate America College,TX,GAC,GAC
Cape Coral Technical College,FL,CCTC,CCTC
UPMC Mercy School of Nursing,PA,UMSN,UMSN
Ocean County Vocational-Technical School,NJ,OCVTS,OCVTS
Yeshiva of the Telshe Alumni,NY,YTA,YTA
Kenneth Shuler School of Cosmetology-Rock Hill,SC,KSSCRH,KSSCRH
CET-El Paso,TX,CEP,CEP
Appalachian School of Law,VA,ASL,ASL
Platt College-Ontario,CA,PCO,PCO
American University of Health Sciences,CA,AUHS,AUHS
Career Networks Institute,CA,CNI,CNI
Monty Tech,MA,MT,MT
Okaloosa Technical College,FL,OTC,OTC
Lincoln Technical Institute-Lincoln,RI,LTIL,LTIL
Wayne County Schools Career Center,OH,WCSCC,WCSCC
Carolinas College of Health Sciences,NC,CCHS,CCHS
Western Governors University,UT,WGU,WGU
California Aeronautical University,CA,CAU,CAU
Herzing University-New Orleans,LA,HUNO,HUNO
Florida Gulf Coast University,FL,FGCU,FGCU
Little Priest Tribal College,NE,LPTC,LPTC
South Louisiana Community College,LA,SLCC,SLCC
Pima Medical Institute-Chula Vista,CA,PMICV,PMICV
Lincoln College of Technology-Marietta,GA,LCTM,LCTM
Academy of Hair Design-Lufkin,TX,AHDL,AHDL
COLLECTIV Academy-Worcester,MA,CAW,CAW
Northwest HVAC/R Training Center,WA,NHRTC,NHRTC
Myotherapy Institute,NE,MI,MI
Florida College of Integrative Medicine,FL,FCIM,FCIM
New Professions Technical Institute,FL,NPTI,NPTI
Strand College of Hair Design,SC,SCHD,SCHD
Ilisagvik College,AK,IC,IC
Community College of Baltimore County,MD,CCBC,CCBC
White Earth Tribal and Community College,MN,WETCC,WETCC
Blue Cliff College-Metairie,LA,BCCM,BCCM
Creative Images Institute of Cosmetology-North Dayton,OH,CIICND,CIICND
Dewey University-Carolina,PR,DUC,DUC
Yeshiva College of the Nations Capital,MD,YCNC,YCNC
Louisiana State University Health Sciences Center-Shreveport,LA,LSUHSCS,LSUHSCS
Hair Academy II,MD,HAI,HAI
River Parishes Community College,LA,RPCC,RPCC
Los Angeles Film School,CA,LAFS,LAFS
FINE Mortuary College,MA,FMC,FMC
International Baptist College and Seminary,AZ,IBCS,IBCS
Delta College South,LA,DCS,DCS
University of Connecticut-Waterbury Campus,CT,UCWC,UCWC
University of Connecticut-Avery Point,CT,UCAP,UCAP
University of Connecticut-Stamford,CT,UCS,UCS
University of Management and Technology,VA,UMT,UMT
Baton Rouge Community College,LA,BRCC,BRCC
IYRS School of Technology & Trades,RI,ISTT,ISTT
Midwest Technical Institute-Illinois,IL,MTII,MTII
Advanced Barber College and Hair Design,TX,ABCHD,ABCHD
The College of Health Care Professions-Austin,TX,CHCPA,CHCPA
New Community Career & Technical Institute,NJ,NCCTI,NCCTI
The Chicago School-College of Nursing,TX,CSCN,CSCN
Professional Golfers Career College,CA,PGCC,PGCC
Chester Career College,VA,CCC,CCC
Milan Institute-San Antonio Ingram,TX,MISAI,MISAI
Rudae's School of Beauty Culture-Ft Wayne,IN,RSBCFW,RSBCFW
Carrington College-San Jose,CA,CCSJ,CCSJ
Brookline College-Tucson,AZ,BCT,BCT
Miller-Motte College-Berks Technical Institute-Lewisburg,PA,MMCBTIL,MMCBTIL
Carrington College-Pleasant Hill Campus,CA,CCPHC,CCPHC
Modern Hairstyling Institute-Carolina,PR,MHIC,MHIC
Universal Technical Institute of California Inc,CA,UTICI,UTICI
American InterContinental University-Atlanta,GA,AIUA,AIUA
The Academy of Hair Design Six,MS,AHDS,AHDS
Eastern West Virginia Community and Technical College,WV,EWVCTC,EWVCTC
Aviation Institute of Maintenance-Indianapolis,IN,AIMI,AIMI
IVAEM College,PR,IC,IC
Midwest College of Oriental Medicine-Skokie,IL,MCOMS,MCOMS
Carrington College-Spokane,WA,CCS,CCS
Cascadia College,WA,CC,CC
CBD College,CA,CC,CC
Atlantic Institute of Oriental Medicine,FL,AIOM,AIOM
MDT College of Health Sciences,IL,MCHS,MCHS
Bennett Career Institute,DC,BCI,BCI
Blue Cliff College-Lafayette,LA,BCCL,BCCL
Community Care College,OK,CCC,CCC
Erie 1 BOCES,NY,EB,EB
HDS Truck Driving Institute,AZ,HTDI,HTDI
The King's University,TX,KU,KU
Fortis College-Baton Rouge,LA,FCBR,FCBR
My Le's Beauty College,CA,MLBC,MLBC
New Concept Massage and Beauty School,FL,NCMBS,NCMBS
New York College of Traditional Chinese Medicine,NY,NYCTCM,NYCTCM
Fortis College-Orange Park,FL,FCOP,FCOP
Northeastern Seminary,NY,NS,NS
Omega Institute of Cosmetology,LA,OIC,OIC
Pacific Islands University,GU,PIU,PIU
PCI College,CA,PC,PC
Rosedale Bible College,OH,RBC,RBC
Seattle Institute of East Asian Medicine,WA,SIEAM,SIEAM
Shawnee Beauty College,OK,SBC,SBC
Upper Valley Educators Institute,NH,UVEI,UVEI
Keck Graduate Institute,CA,KGI,KGI
Aviation Institute of Maintenance-Atlanta,GA,AIMA,AIMA
Empire Beauty School-Kennesaw,GA,EBSK,EBSK
New York Automotive and Diesel Institute,NY,NYADI,NYADI
Remington College-Baton Rouge Campus,LA,RCBRC,RCBRC
New Saint Andrews College,ID,NSAC,NSAC
Arkansas State University-Newport,AR,ASUN,ASUN
Atenas University,PR,AU,AU
Onondaga Cortland Madison BOCES,NY,OCMB,OCMB
Pillar College,NJ,PC,PC
Oregon State University-Cascades Campus,OR,OSUCC,OSUCC
Milan Institute-Amarillo,TX,MIA,MIA
Southern University Law Center,LA,SULC,SULC
Career Schools of Texas,TX,CST,CST
American Career College-Anaheim,CA,ACCA,ACCA
Saginaw Chippewa Tribal College,MI,SCTC,SCTC
Richmont Graduate University,TN,RGU,RGU
The Seattle School of Theology & Psychology,WA,SSTP,SSTP
East Valley Institute of Technology,AZ,EVIT,EVIT
Smith Chason College,CA,SCC,SCC
Design's School of Cosmetology,CA,DSC,DSC
Ultimate Medical Academy,FL,UMA,UMA
M-DCPS The English Center,FL,MDEC,MDEC
Florida Education Institute,FL,FEI,FEI
Texas County Technical College,MO,TCTC,TCTC
Aviation Institute of Maintenance-Kansas City,MO,AIMKC,AIMKC
Blue Cliff College-Gulfport,MS,BCCG,BCCG
Metropolitan Learning Institute,NY,MLI,MLI
Orleans Niagara BOCES-Practical Nursing Program,NY,ONBPNP,ONBPNP
Yeshiva Shaarei Torah of Rockland,NY,YSTR,YSTR
Leon Studio One School of Beauty Knowledge,NY,LSOSBK,LSOSBK
American Institute of Alternative Medicine,OH,AIAM,AIAM
Brown Aveda Institute-Mentor,OH,BAIM,BAIM
Susquehanna County Career and Technology Center,PA,SCCTC,SCCTC
Universidad Pentecostal Mizpa,PR,UPM,UPM
Caribbean Forensic and Technical College,PR,CFTC,CFTC
Concorde Career College-Grand Prairie,TX,CCCGP,CCCGP
Lamar Institute of Technology,TX,LIT,LIT
Aviation Institute of Maintenance-Dallas,TX,AIMD,AIMD
Healing Mountain Massage School,UT,HMMS,HMMS
Eastern Virginia Career College,VA,EVCC,EVCC
Rudy & Kelly Academy A Paul Mitchell Partner School,VA,RKAPMPS,RKAPMPS
Nevada State University,NV,NSU,NSU
California State University-Channel Islands,CA,CSUCI,CSUCI
Franklin W Olin College of Engineering,MA,FWOCE,FWOCE
Won Institute of Graduate Studies,PA,WIGS,WIGS
Lincoln Technical Institute-Paramus,NJ,LTIP,LTIP
Pima Medical Institute-Colorado Springs,CO,PMICS,PMICS
Paul Mitchell the School-Costa Mesa,CA,PMSCM,PMSCM
Ave Maria School of Law,FL,AMSL,AMSL
Tulsa Welding School-Jacksonville,FL,TWSJ,TWSJ
Saint Joseph's University - Lancaster,PA,SJUL,SJUL
St Louis College of Health Careers-Fenton,MO,SLCHCF,SLCHCF
Interactive College of Technology-Gainesville,GA,ICTG,ICTG
San Joaquin Valley College-Ontario,CA,SJVCO,SJVCO
Alaska Christian College,AK,ACC,ACC
University of Arkansas Grantham,AR,UAG,UAG
Carrington College-Albuquerque,NM,CCA,CCA
Universal Technical Institute-Mooresville,NC,UTIM,UTIM
University of the Potomac-VA Campus,VA,UPVC,UPVC
Milan Institute-Palm Desert,CA,MIPD,MIPD
Tohono O'odham Community College,AZ,TOCC,TOCC
Edward Via College of Osteopathic Medicine,VA,EVCOM,EVCOM
Southwest Institute of Healing Arts,AZ,SIHA,SIHA
InterCoast Colleges-Riverside,CA,ICR,ICR
Brighton Center's Center for Employment Training,KY,BCCET,BCCET
California Healing Arts College,CA,CHAC,CHAC
Dallas Barber & Stylist College,TX,DBSC,DBSC
Endeavor Health School of Nurse Anesthesia-DePaul University,IL,EHSNADU,EHSNADU
Faith International University,WA,FIU,FIU
Family of Faith Christian University,OK,FFCU,FFCU
Hood Theological Seminary,NC,HTS,HTS
Colegio Educativo Tecnologico Industrial Inc,PR,CETII,CETII
Irene's Myomassology Institute,MI,IMI,IMI
Jay's Technical Institute,TX,JTI,JTI
P C Age-Jersey City,NJ,PCAJC,PCAJC
PC AGE-Metropark,NJ,PAM,PAM
Hollywood Institute,FL,HI,HI
South Florida Institute of Technology,FL,SFIT,SFIT
Southeastern College-Charleston,SC,SCC,SCC
TIGI Hairdressing Academy Legacy,CO,THAL,THAL
Trend Barber College,TX,TBC,TBC
Valley Grande Institute for Academic Studies,TX,VGIAS,VGIAS
West Coast University-Texas,TX,WCUT,WCUT
Williamson Christian College,TN,WCC,WCC
DigiPen Institute of Technology,WA,DIT,DIT
Pierpont Community and Technical College,WV,PCTC,PCTC
Dewey University-Hato Rey,PR,DUHR,DUHR
InterCoast Colleges-West Covina,CA,ICWC,ICWC
American College of Healthcare Sciences,OR,ACHS,ACHS
Colorado Media School,CO,CMS,CMS
Paul Mitchell the School-Rhode Island,RI,PMSRI,PMSRI
Miller-Motte College-Chattanooga,TN,MMCC,MMCC
Milan Institute-Sparks,NV,MIS,MIS
Bexley Hall Seabury Western Theological Seminary Federation Inc.,IL,BHSWTSFI,BHSWTSFI
Strayer University-Tennessee,TN,SUT,SUT
Strayer University-Pennsylvania,PA,SUP,SUP
Charlie's Guard-Detective Bureau and Academy Inc,PR,CGDBAI,CGDBAI
PCI Academy-Plymouth,MN,PAP,PAP
Creative Images Institute of Cosmetology-South Dayton,OH,CIICSD,CIICSD
Brookline College-Albuquerque,NM,BCA,BCA
Byzantine Catholic Seminary of Saints Cyril and Methodius,PA,BCSSCM,BCSSCM
Northcentral University,CA,NU,NU
Bayamon Community College,PR,BCC,BCC
Folsom Lake College,CA,FLC,FLC
LeGrand Institute of Cosmetology Inc,SC,LICI,LICI
Empire Beauty School-Midlothian,VA,EBSM,EBSM
Empire Beauty School-Owings Mills,MD,EBSOM,EBSOM
Empire Beauty School-West Mifflin,PA,EBSWM,EBSWM
ATI College-Whittier,CA,ACW,ACW
Advance Science International College,FL,ASIC,ASIC
ATA College,CA,AC,AC
American Advanced Technicians Institute,FL,AATI,AATI
Baptist University of the Americas,TX,BUA,BUA
Beis Medrash Heichal Dovid,NY,BMHD,BMHD
Blue Cliff Career College,AL,BCCC,BCCC
Lawrenceburg Technical College,TN,LTC,LTC
Paul Mitchell the School-Charlotte,NC,PMSC,PMSC
Stellar Career College,CA,SCC,SCC
Auguste Escoffier School of Culinary Arts-Austin,TX,AESCAA,AESCAA
Culinary Institute Inc,TX,CII,CII
Escuela Hotelera de San Juan,PR,EHDSJ,EHDSJ
Orion Institute,OH,OI,OI
Industrial Technical College,PR,ITC,ITC
Institute of Clinical Acupuncture & Oriental Medicine,HI,ICAOM,ICAOM
Gwinnett College-Marietta Campus,GA,GCMC,GCMC
Leston College,PR,LC,LC
Charlotte Christian College and Theological Seminary,NC,CCCTS,CCCTS
Nightingale College,UT,NC,NC
PITC Institute,PA,PI,PI
Skinworks School of Advanced Skincare,UT,SSAS,SSAS
Southeastern College-Columbia,SC,SCC,SCC
Turning Point Beauty College,AZ,TPBC,TPBC
Unitech Training Academy-Lafayette,LA,UTAL,UTAL
Mountwest Community and Technical College,WV,MCTC,MCTC
American InterContinental University System,AZ,AIUS,AIUS
Toyota Technological Institute at Chicago,IL,TTIC,TTIC
American InterContinental University-Houston,TX,AIUH,AIUH
University of California-Merced,CA,UCM,UCM
Paul Mitchell the School-Orlando,FL,PMSO,PMSO
Pima Medical Institute-Las Vegas,NV,PMILV,PMILV
Remington College-Nashville Campus,TN,RCNC,RCNC
Central Methodist University-College of Graduate and Extended Studies,MO,CMUCGES,CMUCGES
North-West College-Riverside,CA,NWCR,NWCR
Colegio Tecnico de Electricidad Galloza,PR,CTDEG,CTDEG
Spa Tech Institute-Westboro,MA,STIW,STIW
Spa Tech Institute-Plymouth,MA,STIP,STIP
Neumont College of Computer Science,UT,NCCS,NCCS
Johnson & Wales University-Charlotte,NC,JWUC,JWUC
Roseman University of Health Sciences,NV,RUHS,RUHS
Fortis Institute-Port Saint Lucie,FL,FIPSL,FIPSL
Aviation Institute of Maintenance-Manassas,VA,AIMM,AIMM
Cosmetology School of Arts & Sciences,ID,CSAS,CSAS
Universal Technical Institute of Pennsylvania Inc,PA,UTIPI,UTIPI
Kenneth Shuler School of Cosmetology-Spartanburg,SC,KSSCS,KSSCS
Divine Mercy University,VA,DMU,DMU
Lincoln Technical Institute-Shelton,CT,LTIS,LTIS
Northwest Career College,NV,NCC,NCC
Soma Institute-The National School of Clinical Massage Therapy,IL,SINSCMT,SINSCMT
American Academy of Health and Wellness,MN,AAHW,AAHW
Arizona School of Acupuncture and Oriental Medicine,AZ,ASAOM,ASAOM
Ave Maria University,FL,AMU,AMU
CALC Institute of Technology,IL,CIT,CIT
Sutter County Career Training Center,CA,SCCTC,SCCTC
Cambridge College of Healthcare & Technology,FL,CCHT,CCHT
Career Care Institute,CA,CCI,CCI
ATA Career Education,FL,ACE,ACE
Community Christian College,AZ,CCC,CCC
Culpeper Cosmetology Training Center,VA,CCTC,CCTC
Eastern School of Acupuncture and Traditional Medicine,NJ,ESATM,ESATM
Ecclesia College,AR,EC,EC
Employment Solutions-College for Technical Education,KY,ESCTE,ESCTE
Estelle Medical Academy,IL,EMA,EMA
Evergreen Beauty and Barber College-Everett,WA,EBBCE,EBBCE
Paul Mitchell the School-Great Lakes,MI,PMSGL,PMSGL
Healthcare Training Institute,NJ,HTI,HTI
John D Rockefeller IV Career Center,WV,JDRICC,JDRICC
Los Angeles College of Music,CA,LACM,LACM
SAE Institute of Technology-Nashville,TN,SITN,SITN
Stanbridge University,CA,SU,SU
Universal College of Healing Arts,NE,UCHA,UCHA
Uta Mesivta of Kiryas Joel,NY,UMKJ,UMKJ
Harrisburg University of Science and Technology,PA,HUST,HUST
Blue Ridge Community and Technical College,WV,BRCTC,BRCTC
Daytona College,FL,DC,DC
Delta Technical College-Mississippi,MS,DTCM,DTCM
United States University,CA,USU,USU
Empire Beauty School-Avondale,AZ,EBSA,EBSA
Empire Beauty School-Littleton,CO,EBSL,EBSL
Empire Beauty School-Aurora,CO,EBSA,EBSA
Joyce University of Nursing and Health Sciences,UT,JUNHS,JUNHS
San Joaquin Valley College-Modesto,CA,SJVCM,SJVCM
Eagle Gate College-Layton,UT,EGCL,EGCL
Academy Of Hair Design,TX,AHD,AHD
Unitech Training Academy-West Monroe,LA,UTAWM,UTAWM
New River Community and Technical College,WV,NRCTC,NRCTC
The College of Health Care Professions-Southwest Houston,TX,CHCPSH,CHCPSH
UEI College-Chula Vista,CA,UCCV,UCCV
UEI College-West Covina,CA,UCWC,UCWC
Georgia Gwinnett College,GA,GGC,GGC
Phoenix Institute of Herbal Medicine & Acupuncture,AZ,PIHMA,PIHMA
Tucson College of Beauty,AZ,TCB,TCB
California Career College,CA,CCC,CCC
Palladium Technical Academy Inc,CA,PTAI,PTAI
Los Angeles College of Aesthetics,CA,LACA,LACA
National Polytechnic College,CA,NPC,NPC
American Career College-Ontario,CA,ACCO,ACCO
Asher College,CA,AC,AC
American Institute of Massage Therapy,CA,AIMT,AIMT
University of East-West Medicine,CA,UEWM,UEWM
Blake Austin College,CA,BAC,BAC
Aviator College of Aeronautical Science and Technology,FL,ACAST,ACAST
Trendsetters School of Beauty & Barbering,FL,TSBB,TSBB
American Institute of Beauty,FL,AIB,AIB
North Florida Cosmetology Institute,FL,NFCI,NFCI
Florida Academy of Health & Beauty,FL,FAHB,FAHB
Augusta School of Massage,GA,ASM,ASM
SUM Bible College and Theological Seminary,CA,SBCTS,SBCTS
Compass Career College,LA,CCC,CCC
Nuvo College of Cosmetology,MI,NCC,NCC
WellSpring School of Allied Health-Kansas City,MO,WSAHKC,WSAHKC
The Salon Professional Academy-Fargo,ND,SPAF,SPAF
Aveda Arts & Sciences Institute-New York,NY,AASINY,AASINY
MyrAngel Beauty Institute,PR,MBI,MBI
Texas Health School,TX,THS,THS
Paul Mitchell the School-Logan,UT,PMSL,PMSL
Careers Unlimited,UT,CU,CU
Mountainland Technical College,UT,MTC,MTC
Avi Career Training,VA,ACT,ACT
Mountain State School of Massage,WV,MSSM,MSSM
San Joaquin Valley College-Rancho Cordova,CA,SJVCRC,SJVCRC
Broken Arrow Beauty College,OK,BABC,BABC
Universal Technical Institute of Northern California Inc,CA,UTINCI,UTINCI
Lemoore College,CA,LC,LC
Stautzenberger College-Brecksville,OH,SCB,SCB
Unitech Training Academy-Houma,LA,UTAH,UTAH
Rasmussen University-Illinois,IL,RUI,RUI
International Institute for Restorative Practices,PA,IIRP,IIRP
Automotive Training Center-Warminster,PA,ATCW,ATCW
Empire Beauty School-Milwaukee,WI,EBSM,EBSM
Milan Institute-Clovis,CA,MIC,MIC
Strayer University-Florida,FL,SUF,SUF
Pima Medical Institute-Renton,WA,PMIR,PMIR
College of Business and Technology,FL,CBT,CBT
Dewey University-Juana Diaz,PR,DUJD,DUJD
The College of Health Care Professions-San Antonio,TX,CHCPSA,CHCPSA
Lincoln Technical Institute-Whitestone,NY,LTIW,LTIW
American Public University System,WV,APUS,APUS
Huntsville Bible College,AL,HBC,HBC
Beaumont Adult School,CA,BAS,BAS
Gnomon,CA,,Gnomon
MJ Barber & Beauty Academy,CA,MBBA,MBBA
Academy of Natural Therapy Inc,CO,ANTI,ANTI
Academy Di Capelli-School of Cosmetology,CT,ADCSC,ADCSC
Dragon Rises College of Oriental Medicine,FL,DRCOM,DRCOM
SABER College,FL,SC,SC
Taylor College,FL,TC,TC
Denmark College,IN,DC,DC
Louisiana Culinary Institute,LA,LCI,LCI
Bais Medrash Toras Chesed,NJ,BMTC,BMTC
Ace Institute of Technology,NY,AIT,AIT
New Age Training,NY,NAT,NAT
Dayton School of Medical Massage,OH,DSMM,DSMM
Visible Music College,TN,VMC,VMC
CCI Training Center-Arlington,TX,CTCA,CTCA
Southeast Texas Career Institute,TX,STCI,STCI
Southwest Technical College,UT,STC,STC
Virginia Beach Theological Seminary,VA,VBTS,VBTS
Milwaukee Career College,WI,MCC,MCC
University of the West,CA,UW,UW
American College of Education,IN,ACE,ACE
South University-Tampa,FL,SUT,SUT
Milan Institute of Cosmetology-San Antonio Military,TX,MICSAM,MICSAM
Appalachian College of Pharmacy,VA,ACP,ACP
Paul Mitchell the School-Tampa,FL,PMST,PMST
Paul Mitchell the School-San Diego,CA,PMSSD,PMSSD
Paul Mitchell the School-Michigan,MI,PMSM,PMSM
Paul Mitchell the School-Sherman Oaks,CA,PMSSO,PMSSO
Fortis College-Columbus,OH,FCC,FCC
Fortis College-Cincinnati,OH,FCC,FCC
Blue Cliff College-Alexandria,LA,BCCA,BCCA
Strayer University-Delaware,DE,SUD,SUD
Brite Divinity School,TX,BDS,BDS
Strayer University-Alabama,AL,SUA,SUA
Brown Aveda Institute-Strongsville,OH,BAIS,BAIS
Clary Sage College,OK,CSC,CSC
Rasmussen University-Wisconsin,WI,RUW,RUW
Empire Beauty School-Richmond,VA,EBSR,EBSR
Empire Beauty School-North Hills,PA,EBSNH,EBSNH
Empire Beauty School-Concord,NC,EBSC,EBSC
Lexington Healing Arts Academy,KY,LHAA,LHAA
Empire Beauty School-Hooksett,NH,EBSH,EBSH
The Institute of Beauty and Wellness,WI,IBW,IBW
Carrington College-Stockton,CA,CCS,CCS
Columbia Southern University,AL,CSU,CSU
Arizona Culinary Institute,AZ,ACI,ACI
Healthcare Career College,CA,HCC,HCC
Coastline Beauty College,CA,CBC,CBC
Branford Academy of Hair & Cosmetology,CT,BAHC,BAHC
Academy of Massage and Bodywork,DE,AMB,AMB
Academy for Five Element Acupuncture,FL,AFEA,AFEA
Academy of Career Training,FL,ACT,ACT
Miami Regional University,FL,MRU,MRU
Aveda Institute-South Florida,FL,AISF,AISF
Aveda Institute-Tampa Bay,FL,AITB,AITB
Shear Excellence Hair Academy,FL,SEHA,SEHA
Carlson College of Massage Therapy,IA,CCMT,CCMT
MyComputerCareer at Indianapolis,IN,MI,MI
Z Hair Academy,KS,ZHA,ZHA
DiGrigoli School of Cosmetology,MA,DSC,DSC
Elevate Salon Institute,MI,ESI,ESI
Lakewood School of Therapeutic Massage,MI,LSTM,LSTM
The Salon Professional Academy-Battle Creek,MI,SPABC,SPABC
Trend Setters School,MO,TSS,TSS
Academy of Hair Design-Springfield,MO,AHDS,AHDS
Corinth Academy of Cosmetology,MS,CAC,CAC
Southeastern College-Charlotte,NC,SCC,SCC
Yeshivas Be'er Yitzchok,NJ,YBY,YBY
Yeshiva Toras Chaim,NJ,YTC,YTC
Talmudical Seminary of Bobov,NY,TSB,TSB
Center for Allied Health Education,NY,CAHE,CAHE
Aveda Fredric's Institute-Cincinnati,OH,AFIC,AFIC
MyComputerCareer at Columbus,OH,MC,MC
CDE Career Institute,PA,CCI,CCI
Instituto Educativo Premier,PR,IEP,IEP
Charleston School of Law,SC,CSL,CSL
Elite College of Cosmetology,TN,ECC,ECC
Manuel and Theresa's School of Hair Design-Bryan,TX,MTSHDB,MTSHDB
Southwest University at El Paso,TX,SUEP,SUEP
Paul Mitchell the School-Austin,TX,PMSA,PMSA
Aveda Institute-Provo,UT,AIP,AIP
Dixie Technical College,UT,DTC,DTC
Victoria's Academy of Cosmetology,WA,VAC,VAC
Paul Mitchell the School-San Antonio,TX,PMSSA,PMSSA
Bryant & Stratton College-Wauwatosa,WI,BSCW,BSCW
Remington College-Houston Southeast Campus,TX,RCHSC,RCHSC
Remington College-Shreveport Campus,LA,RCSC,RCSC
TC Beauty,TN,TB,TB
Patrick Henry College,VA,PHC,PHC
The Hair Academy,ND,HA,HA
Ross Medical Education Center-New Baltimore,MI,RMECNB,RMECNB
Ross College-Sylvania,OH,RCS,RCS
Escuela De Troqueleria Y Herramentaje,PR,EDTYH,EDTYH
Fortis Institute-Nashville,TN,FIN,FIN
ATA College-Cincinnati,OH,ACC,ACC
Dental Assistant Pro LLC-Columbus,OH,DAPLC,DAPLC
Dental Assistant Pro-Lebanon,OH,DAPL,DAPL
Elite Welding Academy LLC,OH,EWAL,EWAL
Galen College of Nursing-Cincinnati,OH,GCNC,GCNC
Strayer University-North Carolina,NC,SUNC,SUNC
Strayer University-New Jersey,NJ,SUNJ,SUNJ
International Culinary Arts and Sciences Institute,OH,ICASI,ICASI
Ohio Media School-Columbus,OH,OMSC,OMSC
Ohio Medical Career College,OH,OMCC,OMCC
Chamberlain University-Illinois,IL,CUI,CUI
Chamberlain University-Ohio,OH,CUO,CUO
Chamberlain University-Arizona,AZ,CUA,CUA
The Salon Professional Academy-Appleton,WI,SPAA,SPAA
Milan Institute of Cosmetology-Vacaville,CA,MICV,MICV
Milan Institute of Cosmetology-Reno,NV,MICR,MICR
Ottawa University-Online,KS,OUO,OUO
Paul Mitchell the School-Esani,GA,PMSE,PMSE
Paul Mitchell the School-Birmingham,AL,PMSB,PMSB
Taft University System,CO,TUS,TUS
Mayfield College,CA,MC,MC
Academy of Esthetics and Cosmetology,CA,AEC,AEC
Borner's Barber College,CA,BBC,BBC
Paul Mitchell the School-Pasadena,CA,PMSP,PMSP
San Francisco Institute of Esthetics & Cosmetology Inc,CA,SFIECI,SFIECI
Laurus College,CA,LC,LC
Healing Hands School of Holistic Health,CA,HHSHH,HHSHH
Career Development Institute Inc,CA,CDII,CDII
Auguste Escoffier School of Culinary Arts-Boulder,CO,AESCAB,AESCAB
Aspen University,AZ,AU,AU
Institute of Taoist Education and Acupuncture,CO,ITEA,ITEA
Denver College of Nursing,CO,DCN,DCN
Cozmo Beauty School,FL,CBS,CBS
Celebrity School of Beauty,FL,CSB,CSB
Evans Hairstyling College-Rexburg,ID,EHCR,EHCR
Paul Mitchell the School-Rexburg,ID,PMSR,PMSR
The University of Aesthetics & Cosmetology,IL,UAC,UAC
Tricoci University of Beauty Culture-Chicago NW,IL,TUBCCN,TUBCCN
Tricoci University of Beauty Culture-Glendale Heights,IL,TUBCGH,TUBCGH
Tricoci University of Beauty Culture-Peoria,IL,TUBCP,TUBCP
Tricoci University of Beauty Culture-Rockford,IL,TUBCR,TUBCR
The Omega Studios' School of Applied Arts & Sciences,MD,OSSAAS,OSSAAS
French Academy of Cosmetology,MI,FAC,FAC
Paul Mitchell the School-Springfield,MO,PMSS,PMSS
Urshan Graduate School of Theology,MO,UGST,UGST
Mississippi Institute of Aesthetics Nails & Cosmetology,MS,MIANC,MIANC
College of Western Idaho,ID,CWI,CWI
Aveda Institute-Chapel Hill,NC,AICH,AICH
Daoist Traditions College of Chinese Medical Arts,NC,DTCCMA,DTCCMA
Total Image Beauty Academy,NJ,TIBA,TIBA
Jersey College,NJ,JC,JC
American Institute of Medical Sciences & Education,NJ,AIMSE,AIMSE
Casal Institute of Nevada,NV,CIN,CIN
Career School of NY,NY,CSN,CSN
Yeshiva of Machzikai Hadas,NY,YMH,YMH
Aveda Institute-Columbus,OH,AIC,AIC
Paul Mitchell the School-Cincinnati,OH,PMSC,PMSC
Hands on Therapy,TX,HOT,HOT
MediaTech Institute-Dallas,TX,MID,MID
Aveda Arts & Sciences Institute-San Antonio,TX,AASISA,AASISA
Skin Science Institute,UT,SSI,SSI
Pacific Northwest University of Health Sciences,WA,PNUHS,PNUHS
The Chicago School at Anaheim,CA,CSA,CSA
Fortis College-Dothan,AL,FCD,FCD
Fortis Institute-Pensacola,FL,FIP,FIP
Fortis College-Montgomery,AL,FCM,FCM
Woodland Community College,CA,WCC,WCC
Fortis Institute-Birmingham,AL,FIB,FIB
The Chicago School at Los Angeles,CA,CSLA,CSLA
Cardiac and Vascular Institute of Ultrasound,AL,CVIU,CVIU
Alturas Cosmetology of Arizona LLC,AZ,ACAL,ACAL
California Nurses Educational Institute,CA,CNEI,CNEI
Paul Mitchell the School-Sacramento,CA,PMSS,PMSS
Providence Christian College,CA,PCC,PCC
Oxford Academy of Hair Design Inc,CT,OAHDI,OAHDI
Institute of World Politics,DC,IWP,IWP
Pontifical John Paul II Institute for Studies on Marriage and Family,DC,PJPIISOMF,PJPIISOMF
Medical Institute of Palm Beach,FL,MIPB,MIPB
Oliver Finley Academy of Cosmetology,ID,OFAC,OFAC
National Career College,CA,NCC,NCC
The Aveda Institute of Beauty and Wellness Chicago,IL,AIBWC,AIBWC
Tricoci University of Beauty Culture-Libertyville,IL,TUBCL,TUBCL
Tricoci University of Beauty Culture-Bridgeview,IL,TUBCB,TUBCB
The Temple-A Paul Mitchell Partner School,MD,TPMPS,TPMPS
Center for Massage,NC,CM,CM
The Academy of Hair Design LLC,OK,AHDL,AHDL
COLLECTIV Academy-Cranston,RI,CAC,CAC
South Texas Training Center,TX,STTC,STTC
Vermont College of Fine Arts,VT,VCFA,VCFA
Paul Mitchell the School-Memphis,TN,PMSM,PMSM
Pima Medical Institute-East Valley,AZ,PMIEV,PMIEV
Paul Mitchell the School-Cleveland,OH,PMSC,PMSC
Paul Mitchell the School-Columbus,OH,PMSC,PMSC
Empire Beauty School-Spring Lake Park,MN,EBSSLP,EBSSLP
Miller-Motte College-Raleigh,NC,MMCR,MMCR
Lamson Institute,TX,LI,LI
Fortis College-Salt Lake City,UT,FCSLC,FCSLC
Polytechnic University of Puerto Rico-Orlando,FL,PUPRO,PUPRO
Ross Medical Education Center-Fort Wayne,IN,RMECFW,RMECFW
Ross Medical Education Center-Battle Creek,MI,RMECBC,RMECBC
Geisinger Commonwealth School of Medicine,PA,GCSM,GCSM
Josef's School of Hair Skin & Body-Fargo,ND,JSHSBF,JSHSBF
Miller-Motte College-Berks Technical Institute-Allentown,PA,MMCBTIA,MMCBTIA
Salon Success Academy-Fontana,CA,SSAF,SSAF
Salon Success Academy-Redlands,CA,SSAR,SSAR
Strayer University-West Virginia,WV,SUWV,SUWV
Paul Mitchell the School-Baton Rouge,LA,PMSBR,PMSBR
San Joaquin Valley College-Hesperia,CA,SJVCH,SJVCH
South Texas Vocational Technical Institute-Brownsville,TX,STVTIB,STVTIB
Miller-Motte College-STVT-Corpus Christi,TX,MMCSCC,MMCSCC
University of Minnesota-Rochester,MN,UMR,UMR
Milan Institute-Bakersfield,CA,MIB,MIB
Homestead Schools,CA,HS,HS
Carrington College-Las Vegas,NV,CCLV,CCLV
Carrington College-Reno,NV,CCR,CCR
Chamberlain University-Florida,FL,CUF,CUF
Washington Barber College Inc,AR,WBCI,WBCI
InterCoast Colleges-Rancho Cordova,CA,ICRC,ICRC
Horizon University,IN,HU,HU
Beyond 21st Century Beauty Academy,CA,BSCBA,BSCBA
Academy for Jewish Religion California,CA,AJRC,AJRC
Angeles College,CA,AC,AC
Angeles Institute,CA,AI,AI
Paul Mitchell the School-Temecula,CA,PMST,PMST
TIGI Hairdressing Academy Guilford,CT,THAG,THAG
International Institute of Cosmetology,CT,IIC,IIC
Florida School of Traditional Midwifery,FL,FSTM,FSTM
Emerald Coast Technical College,FL,ECTC,ECTC
Immokalee Technical College,FL,ITC,ITC
American Academy of Cosmetology,FL,AAC,AAC
University of Fort Lauderdale,FL,UFL,UFL
Aviation Institute of Maintenance-Orlando,FL,AIMO,AIMO
Summit Salon Academy,FL,SSA,SSA
Summit Salon Academy-Gainesville,FL,SSAG,SSAG
Tenaj Salon Institute,FL,TSI,TSI
Profile Institute of Barber-Styling,GA,PIBS,PIBS
Keune Academy by 124,GA,KAB,KAB
Pacific Rim Christian University,HI,PRCU,PRCU
Paul Mitchell the School-Twin Falls,ID,PMSTF,PMSTF
Ambria College of Nursing,IL,ACN,ACN
Midwestern Career College,IL,MCC,MCC
Aveda Fredric's Institute-Indianapolis,IN,AFII,AFII
Eric Fisher Academy,KS,EFA,EFA
Blackstone Valley Vocational Regional School District,MA,BVVRSD,BVVRSD
L'esprit Academy,MI,LA,LA
Marketti Academy of Cosmetology,MI,MAC,MAC
Avalon School of Cosmetology,MN,ASC,ASC
City Vision University,MO,CVU,CVU
Montana Academy of Salons,MT,MAS,MAS
National Career Institute,NJ,NCI,NCI
Paul Mitchell the School-Albuquerque,NM,PMSA,PMSA
International Academy of Style,NV,IAS,IAS
EDP School,NY,ES,ES
New York Medical Career Training Center,NY,NYMCTC,NYMCTC
Institute of Culinary Education,NY,ICE,ICE
The Salon Professional Academy-Tonawanda,NY,SPAT,SPAT
Paul Mitchell the School-NYC,NY,PMSN,PMSN
Four County Career Center,OH,FCCC,FCCC
Summit Salon Academy-Perrysburg,OH,SSAP,SSAP
Portland Actors Conservatory,OR,PAC,PAC
Somerset County Technology Center,PA,SCTC,SCTC
Metro Beauty Academy,PA,MBA,MBA
Academy for Careers and Technology,SC,ACT,ACT
Love Beauty School Inc,TN,LBSI,LBSI
DuVall's School of Cosmetology,TX,DSC,DSC
Texas Beauty College,TX,TBC,TBC
Avenue Five Institute,TX,AFI,AFI
The Salon Professional Academy-Lewisville,TX,SPAL,SPAL
Renaissance Academie,UT,RA,RA
Ascent College,VA,AC,AC
Institute of Advanced Medical Esthetics,VA,IAME,IAME
Aveda Arts & Sciences Institute Seattle,WA,AASIS,AASIS
Northwest School of Wooden Boat Building,WA,NSWBB,NSWBB
The Salon Professional Academy-Onalaska,WI,SPAO,SPAO
West Coast University-Anaheim-Orange County,CA,WCUAOC,WCUAOC
West Coast University-Ontario,CA,WCUO,WCUO
Paul Mitchell the School-Chicago,IL,PMSC,PMSC
Miller-Motte College-Fayetteville,NC,MMCF,MMCF
European Massage Therapy School-Las Vegas,NV,EMTSLV,EMTSLV
Miller-Motte College-Columbus,GA,MMCC,MMCC
Fortis College-Indianapolis,IN,FCI,FCI
Empire Beauty School-E Memphis,TN,EBSEM,EBSEM
Empire Beauty School-Nashville,TN,EBSN,EBSN
Empire Beauty School-Jackson,TN,EBSJ,EBSJ
Empire Beauty School-Springfield,PA,EBSS,EBSS
Empire Beauty School-Speedway,IN,EBSS,EBSS
Empire Beauty School-Morrow,GA,EBSM,EBSM
Strayer University-Arkansas,AR,SUA,SUA
Strayer University-Georgia,GA,SUG,SUG
Strayer University-Mississippi,MS,SUM,SUM
Strayer University-South Carolina,SC,SUSC,SUSC
Strayer University-Texas,TX,SUT,SUT
Empire Beauty School-Charlotte,NC,EBSC,EBSC
Empire Beauty School-Winston-Salem,NC,EBSWS,EBSWS
Empire Beauty School-West Palm,FL,EBSWP,EBSWP
Empire Beauty School-Pineville,NC,EBSP,EBSP
Paul Mitchell the School-Phoenix,AZ,PMSP,PMSP
Paul Mitchell the School-Modesto,CA,PMSM,PMSM
Paul Mitchell the School-Fresno,CA,PMSF,PMSF
Unitek College,CA,UC,UC
Gurnick Academy of Medical Arts,CA,GAMA,GAMA
Paul Mitchell the School-East Bay,CA,PMSEB,PMSEB
South University-Richmond,VA,SUR,SUR
South University-Virginia Beach,VA,SUVB,SUVB
Aveda Institute-Denver,CO,AID,AID
Paul Mitchell the School-Colorado Springs,CO,PMSCS,PMSCS
The Salon Professional Academy-Colorado Springs,CO,SPACS,SPACS
Paul Mitchell the School-Delaware,DE,PMSD,PMSD
Fred K Marchman Technical College,FL,FKMTC,FKMTC
The Salon Professional Academy-Ft Myers,FL,SPAFM,SPAFM
Universal Spa Training Academy,IL,USTA,USTA
The Salon Professional Academy-Evansville,IN,SPAE,SPAE
Tri County Regional Vocational Technical High School,MA,TCRVTHS,TCRVTHS
Nova Academy of Cosmetology,MN,NAC,NAC
Maestro College,TX,MC,MC
ABC Beauty Academy,TX,ABA,ABA
Salon & Spa Institute,TX,SSI,SSI
Paul Mitchell the School-Milwaukee,WI,PMSM,PMSM
Touro University Worldwide,CA,TUW,TUW
Touro University California,CA,TUC,TUC
The Chicago School at Washington DC,DC,CSWD,CSWD
Touro University Nevada,NV,TUN,TUN
Herzing University-Kenosha,WI,HUK,HUK
Herzing University-Brookfield,WI,HUB,HUB
Texas A&M University-San Antonio,TX,TUSA,TUSA
Fortis Institute,TX,FI,FI
Southern Careers Institute-Brownsville,TX,SCIB,SCIB
Southern Careers Institute-Harlingen,TX,SCIH,SCIH
Strayer University-Global Region,DC,SUGR,SUGR
Kenneth Shuler School of Cosmetology-Florence,SC,KSSCF,KSSCF
Fortis College-Columbia,SC,FCC,FCC
Ross Medical Education Center-Davison,MI,RMECD,RMECD
Ross Medical Education Center-Granger,IN,RMECG,RMECG
Ross Medical Education Center-Niles,OH,RMECN,RMECN
Ross Medical Education Center-Canton,MI,RMECC,RMECC
Pima Medical Institute-Houston,TX,PMIH,PMIH
Illinois Media School-Chicago Campus,IL,IMSCC,IMSCC
Miller-Motte College-STVT-San Antonio,TX,MMCSSA,MMCSSA
Concorde Career College-Dallas,TX,CCCD,CCCD
Concorde Career Institute-Orlando,FL,CCIO,CCIO
Concorde Career College-San Antonio,TX,CCCSA,CCCSA
Johnson & Wales University-Online,RI,JWUO,JWUO
Moreno Valley College,CA,MVC,MVC
Norco College,CA,NC,NC
Dorsey College-Saginaw,MI,DCS,DCS
Milan Institute of Cosmetology-El Paso,TX,MICEP,MICEP
Universal Technical Institute-Dallas Fort Worth,TX,UTIDFW,UTIDFW
Artistic Nails and Beauty Academy-Lakeland,FL,ANBAL,ANBAL
Hawaii Medical College,HI,HMC,HMC
Carolina College of Hair Design Inc,NC,CCHDI,CCHDI
Integrated Massage Therapy Services,ID,IMTS,IMTS
Miller-Motte College-Jacksonville,NC,MMCJ,MMCJ
Miller-Motte College-Augusta,GA,MMCA,MMCA
Aveda Institute-Portland,OR,AIP,AIP
Chamberlain University-Virginia,VA,CUV,CUV
Penrose Academy,AZ,PA,PA
Skin Institute,MO,SI,SI
Beauty Academy of South Florida,FL,BASF,BASF
Ogle School Hair Skin Nails-North Dallas,TX,OSHSNND,OSHSNND
The Salon Professional Academy-St Charles,MO,SPASC,SPASC
Mildred Elley-New York Campus,NY,MENYC,MENYC
Crestpoint University,AZ,CU,CU
Carolina College of Biblical Studies,NC,CCBS,CCBS
Northeast Technology Center,OK,NTC,NTC
Allstate Hairstyling & Barber College,OH,AHBC,AHBC
Omega Graduate School,TN,OGS,OGS
Jung Tao School of Classical Chinese Medicine,NC,JTSCCM,JTSCCM
New York Film Academy,CA,NYFA,NYFA
Bella Capelli Academy,PA,BCA,BCA
Institute of Medical Careers,PA,IMC,IMC
Flagler Technical College,FL,FTC,FTC
Galaxy Medical College,CA,GMC,GMC
American Medical Sciences Center,CA,AMSC,AMSC
Mandalyn Academy,UT,MA,MA
Jose Maria Vargas University,FL,JMVU,JMVU
D A Dorsey Technical College,FL,DDTC,DDTC
Keweenaw Bay Ojibwa Community College,MI,KBOCC,KBOCC
Meridian Institute of Surgical Assisting,TN,MISA,MISA
Mauna Loa Helicopters,HI,MLH,MLH
Acaydia School of Aesthetics,UT,ASA,ASA
Holistic Massage Training Institute,MD,HMTI,HMTI
Diamonds College,TX,DC,DC
Northern Virginia School of Therapeutic Massage,VA,NVSTM,NVSTM
Paul Mitchell the School-St Louis,MO,PMSSL,PMSSL
Advanced Training Institute,NV,ATI,ATI
Shepherds Theological Seminary,NC,STS,STS
Taylor Andrews Academy of Hair Design-West Jordan,UT,TAAHDWJ,TAAHDWJ
Santa Ana Beauty Academy,CA,SABA,SABA
Manna University,NC,MU,MU
Evolve Beauty Academy,MO,EBA,EBA
Aveda Institute-New Mexico,NM,AINM,AINM
American Trade School,MO,ATS,ATS
Estelle Skin Care and Spa Institute,IL,ESCSI,ESCSI
Elite Cosmetology School,CA,ECS,ECS
American Technical Institute,PR,ATI,ATI
Aveda Institute-Boise,ID,AIB,AIB
Pima Medical Institute-Aurora,CO,PMIA,PMIA
Capilo School of Hair Design,ME,CSHD,CSHD
Pure Aesthetics Natural Skincare School,AZ,PANSS,PANSS
Lindsey Institute of Cosmetology,KY,LIC,LIC
Invictus Career College,TX,ICC,ICC
Simmons College of Kentucky,KY,SCK,SCK
Atelier Esthetique Institute of Esthetics,NY,AEIE,AEIE
Advanced College of Cosmetology,WI,ACC,ACC
North American University,TX,NAU,NAU
Cinta Aveda Institute,CA,CAI,CAI
Long Island Nail Skin & Hair Institute,NY,LINSHI,LINSHI
Keser Torah-Mayan Hatalmud,NJ,KTMH,KTMH
Southern California Health Institute,CA,SCHI,SCHI
Best Care College,NJ,BCC,BCC
First Class Cosmetology School,WI,FCCS,FCCS
Millennia Atlantic University,FL,MAU,MAU
Abcott Institute,MI,AI,AI
The Salon Professional Academy-Kenosha,WI,SPAK,SPAK
Paul Mitchell the School-Indianapolis,IN,PMSI,PMSI
Taylor Andrews Academy-St George,UT,TAASG,TAASG
Protege Academy,MI,PA,PA
Northeast Technical Institute,ME,NTI,NTI
Elite School of Cosmetology,OH,ESC,ESC
Paul Mitchell the School-Las Vegas,NV,PMSLV,PMSLV
Summit Salon Academy-Kokomo,IN,SSAK,SSAK
Florida Academy,FL,FA,FA
Institute for Doctoral Studies in the Visual Arts,ME,IDSVA,IDSVA
State Career College,IL,SCC,SCC
Academy for Salon Professionals,CA,ASP,ASP
Paul Mitchell the School-Spokane,WA,PMSS,PMSS
International College of Beauty Arts & Sciences,CA,ICBAS,ICBAS
John Paul the Great Catholic University,CA,JPGCU,JPGCU
University of Connecticut-Hartford Campus,CT,UCHC,UCHC
Ottawa University-Surprise,AZ,OUS,OUS
Chamberlain University-Missouri,MO,CUM,CUM
Chamberlain University-Texas,TX,CUT,CUT
Continental School of Beauty Culture-Mattydale,NY,CSBCM,CSBCM
Paul Mitchell the School-Columbia,SC,PMSC,PMSC
Paul Mitchell the School-Charleston,SC,PMSC,PMSC
Kenneth Shuler School of Cosmetology-Greenville,SC,KSSCG,KSSCG
Northwest College-Eugene,OR,NCE,NCE
Northwest College-Tualatin,OR,NCT,NCT
CET-Soledad,CA,CS,CS
UEI College-Oceanside,CA,UCO,UCO
Paul Mitchell the School-New Orleans,LA,PMSNO,PMSNO
UEI College-Garden Grove,CA,UCGG,UCGG
New England Tractor Trailer Training School of Massachusetts,MA,NETTTSM,NETTTSM
Dewey University-Manati,PR,DUM,DUM
Allen School-Phoenix,AZ,ASP,ASP
Oklahoma Technical College,OK,OTC,OTC
Unitech Training Academy-Alexandria,LA,UTAA,UTAA
UEI College-Riverside,CA,UCR,UCR
WellSpring School of Allied Health-Lawrence,KS,WSAHL,WSAHL
Manuel and Theresa's School of Hair Design-Victoria,TX,MTSHDV,MTSHDV
Tricoci University of Beauty Culture-Chicago NE,IL,TUBCCN,TUBCCN
Los Angeles Pacific University,CA,LAPU,LAPU
Avalon Institute-Phoenix,AZ,AIP,AIP
Avalon Institute-Layton,UT,AIL,AIL
Aveda Institute-Des Moines,IA,AIDM,AIDM
Fortis Institute-Lawrenceville,NJ,FIL,FIL
Relay Graduate School of Education,NY,RGSE,RGSE
Miller-Motte College-Macon,GA,MMCM,MMCM
South University-Savannah Online,GA,SUSO,SUSO
San Joaquin Valley College-Temecula,CA,SJVCT,SJVCT
Whitworth University-Adult Degree Programs,WA,WUADP,WUADP
The Colleges of Law at Santa Barbara,CA,CLSB,CLSB
Springfield College-Regional Online and Continuing Education,MA,SCROCE,SCROCE
Marian Health Careers Center-Van Nuys Campus,CA,MHCCVNC,MHCCVNC
Milan Institute-Las Vegas,NV,MILV,MILV
Catholic International University,WV,CIU,CIU
New York School of Esthetics & Day Spa,NY,NYSEDS,NYSEDS
Finger Lakes Health College of Nursing & Health Sciences,NY,FLHCNHS,FLHCNHS
ASI Career Institute,NJ,ACI,ACI
Christine Valmy International School of Esthetics & Cosmetology,NJ,CVISEC,CVISEC
Paul Mitchell the School-Arlington,TX,PMSA,PMSA
Rocky Mountain University of Health Professions,UT,RMUHP,RMUHP
Paul Mitchell the School-Fort Myers,FL,PMSFM,PMSFM
Paul Mitchell the School-Raleigh,NC,PMSR,PMSR
CUNY Stella and Charles Guttman Community College,NY,CSCGCC,CSCGCC
Lil Lou's Beauty and Barber College,IN,LLBBC,LLBBC
Criswell College,TX,CC,CC
Reflections Academy of Beauty,IL,RAB,RAB
UCAS University of Cosmetology Arts & Sciences-La Joya,TX,UUCASLJ,UUCASLJ
Annenberg School of Nursing,CA,ASN,ASN
American Medical Academy,FL,AMA,AMA
Tooele Technical College,UT,TTC,TTC
Chamberlain University-Georgia,GA,CUG,CUG
Chamberlain University-Indiana,IN,CUI,CUI
Sessions College,AZ,SC,SC
Empire Beauty School-Virginia Beach,VA,EBSVB,EBSVB
Ross College-Morgantown,WV,RCM,RCM
Miami Ad School-New York,NY,MASNY,MASNY
Larry's Barber College,IL,LBC,LBC
Futura Career Institute,FL,FCI,FCI
Vogue College of Cosmetology-San Antonio Fredericksburg,TX,VCCSAF,VCCSAF
Vogue College of Cosmetology,TX,VCC,VCC
Tomorrow's Image Barber And Beauty Academy of Virginia,VA,TIBBAV,TIBBAV
Medical Allied Career Center,CA,MACC,MACC
Bais HaMedrash and Mesivta of Baltimore,MD,BHMB,BHMB
Barber & Beauty Institute of New York,NY,BBINY,BBINY
Salon Institute-Toledo Campus,OH,SITC,SITC
Athena Career Academy,OH,ACA,ACA
Yeshiva Gedolah Zichron Leyma,NJ,YGZL,YGZL
The Barber School,UT,BS,BS
Be'er Yaakov Talmudic Seminary,NY,BYTS,BYTS
Rio Grande Valley College,TX,RGVC,RGVC
Alexander Academy,MA,AA,AA
Aveda Institute-Tucson,AZ,AIT,AIT
Diamond Beauty College,CA,DBC,DBC
University Academy of Hair Design,AL,UAHD,UAHD
Florida Institute of Recording Sound and Technology,FL,FIRST,FIRST
Paul Mitchell the School-Reno,NV,PMSR,PMSR
Boise Barber College,ID,BBC,BBC
Austin Kade Academy,ID,AKA,AKA
Aesthetic Science Institute,NY,ASI,ASI
Elaine Sterling Institute,GA,ESI,ESI
Wade Gordon Hairdressing Academy,TX,WGHA,WGHA
Mitsu Sato Hair Academy,KS,MSHA,MSHA
FVI School of Nursing and Technology,FL,FSNT,FSNT
Colorado State University Global,CO,CSUG,CSUG
Paul Mitchell the School-Overland Park,KS,PMSOP,PMSOP
Medspa Academies,UT,MA,MA
Brighton Institute of Cosmetology,MI,BIC,BIC
Evangel University-James River Assembly of God Church,MO,EUJRAGC,EUJRAGC
Empire Beauty School-Savannah,GA,EBSS,EBSS
Ogle School Hair Skin Nails-Denton,TX,OSHSND,OSHSND
Empire Beauty School-West Greensboro,NC,EBSWG,EBSWG
Bellus Academy,KS,BA,BA
Pennsylvania State University-World Campus,PA,PSUWC,PSUWC
MCI Institute of NJ,NJ,MIN,MIN
Advance Beauty Techs Academy,CA,ABTA,ABTA
Brand College,CA,BC,BC
Hinton Barber and Beauty College,CA,HBBC,HBBC
Advanced Career Institute,CA,ACI,ACI
MyComputerCareer at Raleigh,NC,MR,MR
South University-Austin,TX,SUA,SUA
Bryant & Stratton College-Online,NY,BSCO,BSCO
Ogle School Hair Skin Nails-San Antonio,TX,OSHSNSA,OSHSNSA
Warner Pacific University Professional and Graduate Studies,OR,WPUPGS,WPUPGS
Platt College-Riverside,CA,PCR,PCR
Empire Beauty School-Glen Burnie,MD,EBSGB,EBSGB
UEI College-Stockton,CA,UCS,UCS
Ross Medical Education Center-Dayton,OH,RMECD,RMECD
Ross Medical Education Center-Ontario,OH,RMECO,RMECO
Ross Medical Education Center-Bowling Green,KY,RMECBG,RMECBG
Rasmussen University-Kansas,KS,RUK,RUK
School of Missionary Aviation Technology,MI,SMAT,SMAT
California Miramar University,CA,CMU,CMU
Rocky Vista University,CO,RVU,RVU
The College of Health Care Professions-Dallas,TX,CHCPD,CHCPD
The College of Health Care Professions-Fort Worth,TX,CHCPFW,CHCPFW
Shear Finesse Beauty Academy,FL,SFBA,SFBA
Miami Media School,FL,MMS,MMS
Academy of Salon Professionals,MO,ASP,ASP
CyberTex Institute of Technology,TX,CIT,CIT
New England Tractor Trailer Training School of CT-Bridgeport,CT,NETTTSCB,NETTTSCB
Designer Barber & Stylist School,AR,DBSS,DBSS
College of the Muscogee Nation,OK,CMN,CMN
The Salon Professional Academy-Huntsville,AL,SPAH,SPAH
Midwives College of Utah,UT,MCU,MCU
Aspen Beauty Academy of Laurel,MD,ABAL,ABAL
M T Training Center,TX,MTTC,MTTC
Berks Career & Technology Center,PA,BCTC,BCTC
Future Generations University,WV,FGU,FGU
Carthage R9 School District-Carthage Technical Center,MO,CRSDCTC,CRSDCTC
Grace Mission University,CA,GMU,GMU
World A Cuts Barber Institute,PA,WCBI,WCBI
Verve College,IL,VC,VC
Sotheby's Institute of Art-NY,NY,SIAN,SIAN
Top Nails & Hair Beauty School,UT,TNHBS,TNHBS
Santa Ana Beauty College,CA,SABC,SABC
Helms College,GA,HC,HC
Ukiah Adult School,CA,UAS,UAS
Riverside County Office of Education-School of Career Education,CA,RCOESCE,RCOESCE
Institute of Health Sciences,MD,IHS,IHS
Mid-South Christian College,TN,MSCC,MSCC
New York Institute of Beauty,NY,NYIB,NYIB
Ultrasound Medical Institute,FL,UMI,UMI
Xavier College School of Nursing,CA,XCSN,XCSN
Lawrence & Company College of Cosmetology,CA,LCCC,LCCC
Kaizen Beauty Academy,FL,KBA,KBA
Sharp Edgez Barber Institute,NY,SEBI,SEBI
The Salon Professional Academy-Nashville,TN,SPAN,SPAN
Prestige Health & Beauty Sciences Academy,FL,PHBSA,PHBSA
California Career Institute,CA,CCI,CCI
Grace School of Theology,TX,GST,GST
Yeshiva Gedolah Kesser Torah,NY,YGKT,YGKT
Universal Training Institute,NJ,UTI,UTI
Yeshiva Yesodei Hatorah,NJ,YYH,YYH
Center for the Healing Arts,NJ,CHA,CHA
Bonnie Joseph Academy of Cosmetology & Barbering,UT,BJACB,BJACB
J D Academy of Salon and Spa,CA,JDASS,JDASS
Boca Beauty Academy,FL,BBA,BBA
SPBK Enterprises Inc,MO,SEI,SEI
The Chrysm Institute of Esthetics,VA,CIE,CIE
Sanford Burnham Prebys Medical Discovery Institute,CA,SBPMDI,SBPMDI
Belle Academy of Cosmetology LLC,CT,BACL,BACL
Empire Beauty School-Augusta,GA,EBSA,EBSA
South University-High Point,NC,SUHP,SUHP
Empire Beauty School-Vernon Hills,IL,EBSVH,EBSVH
Empire Beauty School-Stone Park,IL,EBSSP,EBSSP
San Joaquin Valley College-Lancaster,CA,SJVCL,SJVCL
Empire Beauty School-Rochester,NY,EBSR,EBSR
Ross Medical Education Center-Kokomo,IN,RMECK,RMECK
Ross Medical Education Center-Erlanger,KY,RMECE,RMECE
Ross Medical Education Center-Charleston,WV,RMECC,RMECC
InterCoast Colleges-Fairfield,CA,ICF,ICF
Milan Institute-Merced,CA,MIM,MIM
Midwest Technical Institute-Missouri,MO,MTIM,MTIM
Augusta University,GA,AU,AU
Middle Georgia State University,GA,MGSU,MGSU
Trenz Beauty Academy,IL,TBA,TBA
Paul Mitchell the School-Denver,CO,PMSD,PMSD
Academy of Interactive Entertainment,WA,AIE,AIE
ARROJO Academy,NY,AA,AA
Cosmetology Academy of Texarkana,TX,CAT,CAT
Veritas Baptist College,IN,VBC,VBC
Lynnes Welding Training,ND,LWT,LWT
Aviation Institute of Maintenance-Las Vegas,NV,AIMLV,AIMLV
UEI College-Bakersfield,CA,UCB,UCB
DeVry College of New York,NY,DCNY,DCNY
DeVry University-Arizona,AZ,DUA,DUA
DeVry University-California,CA,DUC,DUC
DeVry University-Florida,FL,DUF,DUF
DeVry University-Georgia,GA,DUG,DUG
DeVry University-Illinois,IL,DUI,DUI
DeVry University-Nevada,NV,DUN,DUN
DeVry University-New Jersey,NJ,DUNJ,DUNJ
DeVry University-Ohio,OH,DUO,DUO
DeVry University-Texas,TX,DUT,DUT
DeVry University-Virginia,VA,DUV,DUV
University of North Georgia,GA,UNG,UNG
South Georgia State College,GA,SGSC,SGSC
Northeastern University Professional Programs,MA,NUPP,NUPP
Florida Polytechnic University,FL,FPU,FPU
American Institute-Toms River,NJ,AITR,AITR
Alamo City Barber College,TX,ACBC,ACBC
Arizona College-Mesa,AZ,ACM,ACM
Antioch College,OH,AC,AC
Texas A&M University-Central Texas,TX,TUCT,TUCT
Central Georgia Technical College,GA,CGTC,CGTC
Barber School of Pittsburgh,PA,BSP,BSP
Innovate Salon Academy,NJ,ISA,ISA
Arizona State University Digital Immersion,AZ,ASUDI,ASUDI
Louisiana Delta Community College,LA,LDCC,LDCC
The Fab School,CA,FS,FS
Networks Barber College,IL,NBC,NBC
JB's Hair Design and Barber College,OK,JHDBC,JHDBC
Paul Mitchell the School-Greenville,SC,PMSG,PMSG
Barber and Beauty Academy of Pennsylvania,PA,BBAP,BBAP
Delta College of Arts & Technology-Lafayette Campus,LA,DCATLC,DCATLC
Delta College-Slidell Campus,LA,DCSC,DCSC
Integrity College of Health,CA,ICH,ICH
Electrical and HVAC/R Training Center,NY,EHRTC,EHRTC
Alexander Paul Institute of Hair Design,NC,APIHD,APIHD
More Tech Institute,FL,MTI,MTI
Dorsey College-Dearborn,MI,DCD,DCD
Neecee's Barber College,TX,NBC,NBC
Bella Cosmetology and Barber College,TX,BCBC,BCBC
Franklin Hair Academy School of Cosmetology,TN,FHASC,FHASC
Ana G. Mendez University,FL,AGMU,AGMU
Ohio Institute of Allied Health,OH,OIAH,OIAH
Access Careers,NY,AC,AC
Luckes Beauty Academy LLC,VA,LBAL,LBAL
Total Transformation Institute of Cosmetology,TX,TTIC,TTIC
Vibe Barber College,TN,VBC,VBC
Champ's Barber School,PA,CBS,CBS
Washington University of Science and Technology,VA,WUST,WUST
East-West Healing Arts Institute,WI,EWHAI,EWHAI
Standard Healthcare Services-College of Nursing,VA,SHSCN,SHSCN
Philadelphia Technician Training,PA,PTT,PTT
Alliance Computing Solutions,NY,ACS,ACS
InterAmerican Technical Institute,FL,ITI,ITI
Bay Area Medical Academy,CA,BAMA,BAMA
Mind Body Institute,TN,MBI,MBI
Parisian Spa Institute,FL,PSI,PSI
Creative Touch Cosmetology School,IL,CTCS,CTCS
LaBarberia Institute of Hair,OH,LIH,LIH
Bos-Man's Barber College,LA,BMBC,BMBC
Alabama College of Osteopathic Medicine,AL,ACOM,ACOM
High Desert Medical College,CA,HDMC,HDMC
Paul Mitchell the School-Schenectady,NY,PMSS,PMSS
Beyond Measure Barbering Institute,NC,BMBI,BMBI
Jupiter Beauty Academy,MA,JBA,JBA
MedQuest College,KY,MC,MC
First Coast Barber Academy,FL,FCBA,FCBA
Debutantes School of Cosmetology and Nail Technology,IL,DSCNT,DSCNT
Paul Mitchell the School-Farmington Hills,MI,PMSFH,PMSFH
Paul Mitchell the School-Merrillville,IN,PMSM,PMSM
TIGI Hairdressing Academy Newtown,CT,THAN,THAN
Yahweh Beauty Academy,TX,YBA,YBA
Arizona School of Integrative Studies,AZ,ASIS,ASIS
Lee Professional Institute,FL,LPI,LPI
Park Place Premier Barber School,LA,PPPBS,PPPBS
The Salon Professional Academy-San Jose,CA,SPASJ,SPASJ
Tri-Community Adult Education,CA,TCAE,TCAE
Ross Medical Education Center-Owensboro,KY,RMECO,RMECO
Ross Medical Education Center-Evansville,IN,RMECE,RMECE
Ross Medical Education Center-Johnson City,TN,RMECJC,RMECJC
North-West College-Anaheim,CA,NWCA,NWCA
North-West College-Long Beach,CA,NWCLB,NWCLB
Taylor Andrews Academy of Hair Design-Provo,UT,TAAHDP,TAAHDP
University of Florida-Online,FL,UFO,UFO
Ogle School Hair Skin Nails-Stafford,TX,OSHSNS,OSHSNS
University of Phoenix-Arizona,AZ,UPA,UPA
Minerva University,CA,MU,MU
University of West Los Angeles,CA,UWLA,UWLA
Rabbinical College Ohr Yisroel,NY,RCOY,RCOY
Aveda Institute-Phoenix,AZ,AIP,AIP
University of North Texas at Dallas,TX,UNTD,UNTD
BridgeValley Community & Technical College,WV,BCTC,BCTC
Northwest College-Medford,OR,NCM,NCM
Houston Training Schools-Gessner,TX,HTSG,HTSG
Empire Beauty School-Buffalo,NY,EBSB,EBSB
Paul Mitchell the School-Toledo,OH,PMST,PMST
Georgia Military College,GA,GMC,GMC
Beau Monde Academy of Barbering and Cosmetology,OR,BMABC,BMABC
Fountain of Youth Academy of Cosmetology,PA,FYAC,FYAC
West Coast University-Miami,FL,WCUM,WCUM
Aparicio-Levy Technical College,FL,ALTC,ALTC
Graduate America,TX,GA,GA
Hollywood Institute of Beauty Careers-West Palm Beach,FL,HIBCWPB,HIBCWPB
Hollywood Institute of Beauty Careers-Casselberry,FL,HIBCC,HIBCC
Empire Beauty School-Cheltenham,PA,EBSC,EBSC
High Tech High Graduate School of Education,CA,HTHGSE,HTHGSE
Coastal Pines Technical College,GA,CPTC,CPTC
Studio Beauty School,WA,SBS,SBS
Latin Beauty Academy,FL,LBA,LBA
Associated Barber College of San Diego,CA,ABCSD,ABCSD
ABCO Technology,CA,AT,AT
Lionel University,CA,LU,LU
California Intercontinental University,SD,CIU,CIU
Infinity College,LA,IC,IC
Universal Healthcare Careers College,CA,UHCC,UHCC
Dolce The Academy,CT,DA,DA
American College of the Building Arts,SC,ACBA,ACBA
Atlantis University,FL,AU,AU
Westchester School for Medical & Dental Assistants,NY,WSMDA,WSMDA
Studio Incamminati,PA,SI,SI
Salon Boutique Academy,TX,SBA,SBA
GA Beauty & Barber School,TX,GBBS,GBBS
The Recording Conservatory of Austin,TX,RCA,RCA
VH Barber & Styling Academy,LA,VBSA,VBSA
Bet Medrash Gadol Ateret Torah,NY,BMGAT,BMGAT
Yeshiva Ohr Yisrael,NY,YOY,YOY
Yeshiva Sholom Shachna,NY,YSS,YSS
Bethlehem College & Seminary,MN,BCS,BCS
Elmezzi Graduate School of Molecular Medicine,NY,EGSMM,EGSMM
Treasure Coast Technical College,FL,TCTC,TCTC
American College of Barbering,KY,ACB,ACB
Beth Medrash Meor Yitzchok,NY,BMMY,BMMY
Mingo Extended Learning Center,WV,MELC,MELC
San Ignacio University,FL,SIU,SIU
ZMS The Academy,CA,ZA,ZA
Valor Christian College,OH,VCC,VCC
Bethany Global University,MN,BGU,BGU
HVAC Technical Institute,IL,HTI,HTI
United International College,FL,UIC,UIC
San Francisco Film School,CA,SFFS,SFFS
Center for Ultrasound Research & Education,NY,CURE,CURE
Randolph Technical Center,WV,RTC,RTC
AMG School of Nursing,NY,ASN,ASN
Saint Michael College of Allied Health,DC,SMCAH,SMCAH
Sandra Academy of Salon Services,TN,SASS,SASS
California Barber and Beauty College,CA,CBBC,CBBC
Laredo CHI Academy Beauty School,TX,LCABS,LCABS
Florida International Training Institute,FL,FITI,FITI
Gould's Academy,TN,GA,GA
Aviation Institute of Maintenance-Fremont,CA,AIMF,AIMF
Paul Mitchell the School-Tulsa,OK,PMST,PMST
PPG Technical College,PR,PTC,PTC
Academy of Professional Cosmetology,AR,APC,APC
Empire Beauty School-Northlake,GA,EBSN,EBSN
Ross Medical Education Center-Huntsville,AL,RMECH,RMECH
Ross Medical Education Center-Knoxville,TN,RMECK,RMECK
Ross Medical Education Center-Muncie,IN,RMECM,RMECM
Cortiva Institute-Arlington,TX,CIA,CIA
Tulsa Welding School-Houston,TX,TWSH,TWSH
Pima Medical Institute-El Paso,TX,PMIEP,PMIEP
Pima Medical Institute-Phoenix,AZ,PMIP,PMIP
Kennesaw State University,GA,KSU,KSU
Entourage Institute of Beauty and Esthetics,NE,EIBE,EIBE
Milligan University,TN,MU,MU
Chamberlain University-Nevada,NV,CUN,CUN
Chamberlain University-Michigan,MI,CUM,CUM
Chamberlain University-New Jersey,NJ,CUNJ,CUNJ
The University of Tennessee Health Science Center,TN,UTHSC,UTHSC
Unitech Training Academy-New Orleans,LA,UTANO,UTANO
Wade Gordon Hairdressing Academy-Lubbock,TX,WGHAL,WGHAL
Emory University-Oxford College,GA,EUOC,EUOC
The Chicago School at Xavier University of Louisiana,LA,CSXUL,CSXUL
Southern Regional Technical College,GA,SRTC,SRTC
Texas College of Cosmetology-Lubbock,TX,TCCL,TCCL
Fortis College-Cuyahoga Falls,OH,FCCF,FCCF
Jones Technical Institute,FL,JTI,JTI
Texas State Technical College,TX,TSTC,TSTC
Aveda Institute Portland-Vancouver Campus,WA,AIPVC,AIPVC
Arizona College of Nursing-Las Vegas,NV,ACNLV,ACNLV
UEI College-Phoenix,AZ,UCP,UCP
The Institute of Beauty and Wellness Madison,WI,IBWM,IBWM
Husson University,ME,HU,HU
Tricoci University of Beauty Culture-Elgin,IL,TUBCE,TUBCE
Concorde Career College-Southaven,MS,CCCS,CCCS
Universal Technical Institute-Southern California,CA,UTISC,UTISC
Northwest University-Center for Online and Extended Education,WA,NUCOEE,NUCOEE
Celebrity Barber School,LA,CBS,CBS
California Institute of Advanced Management,CA,CIAM,CIAM
The Temple Annapolis-A Paul Mitchell Partner School,MD,TAPMPS,TAPMPS
Yeshiva Zichron Aryeh,NY,YZA,YZA
Butte County Regional Occupational Program,CA,BCROP,BCROP
Arclabs,SC,,Arclabs
Top of the Line Barber College,SC,TLBC,TLBC
Midfield Institute of Cosmetology,AL,MIC,MIC
Felbry College,OH,FC,FC
Kentucky Horseshoeing School,KY,KHS,KHS
Image Maker Beauty Institute,TN,IMBI,IMBI
Dalton Institute of Esthetics and Cosmetology,GA,DIEC,DIEC
CAAN Academy of Nursing,IL,CAN,CAN
Martinsburg College,WY,MC,MC
Alhambra Medical University,CA,AMU,AMU
Central Yeshiva Beth Joseph,NY,CYBJ,CYBJ
Garden State Science and Technology Institute,NJ,GSSTI,GSSTI
Barber Tech Academy,SC,BTA,BTA
Abraham Lincoln University,CA,ALU,ALU
Med College,FL,MC,MC
Sonoran Desert Institute,AZ,SDI,SDI
Northwest Suburban College,IL,NSC,NSC
Natural Images Beauty College,TX,NIBC,NIBC
Textures Institute of Cosmetology,IN,TIC,TIC
Williams Technical College,LA,WTC,WTC
Ea La Mar's Cosmetology & Barber College,MO,ELMCBC,ELMCBC
Regina Webb Academy,KY,RWA,RWA
DeHart Technical School,CA,DTS,DTS
Medical Career & Technical College,KY,MCTC,MCTC
Center for Neurosomatic Studies,FL,CNS,CNS
Focus Personal Training Institute,NY,FPTI,FPTI
Hair Academy School of Barbering & Beauty,DE,HASBB,HASBB
National Personal Training Institute,FL,NPTI,NPTI
Mission Beauty Institute,TX,MBI,MBI
Elim Bible College,NY,EBC,EBC
Beth Medrash of Asbury Park,NJ,BMAP,BMAP
Hope College of Arts and Sciences,FL,HCAS,HCAS
Yeshiva Gedolah Shaarei Shmuel,NJ,YGSS,YGSS
Premier Barber Institute,PA,PBI,PBI
International Beauty Education Center,WA,IBEC,IBEC
Claremont Lincoln University,CA,CLU,CLU
Phipps Academy of Barbering,IL,PAB,PAB
Hoss Lee Academy,CA,HLA,HLA
Indiana Wellness College,IN,IWC,IWC
Kenny's Academy of Barbering,IN,KAB,KAB
Seattle Film Institute,WA,SFI,SFI
Arkansas Colleges of Health Education,AR,ACHE,ACHE
Burrell College of Osteopathic Medicine,NM,BCOM,BCOM
California College of Music,CA,CCM,CCM
California Health Sciences University,CA,CHSU,CHSU
Christian Culinary Academy,OR,CCA,CCA
Glitz School of Cosmetology,NM,GSC,GSC
Indiana Wesleyan University-National & Global,IN,IWUNG,IWUNG
Northeast Lakeview College,TX,NLC,NLC
Paul Mitchell the School-Jessup,MD,PMSJ,PMSJ
John Patrick University of Health and Applied Sciences,IN,JPUHAS,JPUHAS
Teachers College of San Joaquin,CA,TCSJ,TCSJ
University of the People,CA,UP,UP
South Dade Technical College-South Dade Skills Center Campus,FL,SDTCSDSCC,SDTCSDSCC
Wongu University of Oriental Medicine,NV,WUOM,WUOM
Alabama School of Nail Technology & Cosmetology,AL,ASNTC,ASNTC
Tulsa Technology Center,OK,TTC,TTC
Ross Medical Education Center-Elyria,OH,RMECE,RMECE
Ross Medical Education Center-Lafayette,IN,RMECL,RMECL
Ross Medical Education Center-Midland,MI,RMECM,RMECM
Paul Mitchell the School-Clear Lake,TX,PMSCL,PMSCL
Paul Mitchell the School-Nampa,ID,PMSN,PMSN
Kenneth Shuler School of Cosmetology-Goose Creek,SC,KSSCGC,KSSCGC
Boca Beauty Academy-Parkland,FL,BBAP,BBAP
Caribbean Aviation Training Institute Inc,PR,CATII,CATII
The College of Health Care Professions-McAllen Campus,TX,CHCPMC,CHCPMC
Institute of Buddhist Studies,CA,IBS,IBS
Chamberlain University-North Carolina,NC,CUNC,CUNC
Chamberlain University-California,CA,CUC,CUC
Purdue University Global,IN,PUG,PUG
West Coast University-Center for Graduate Studies,CA,WCUCGS,WCUCGS
Carolina University,NC,CU,CU
National Personal Training Institute-Tampa,FL,NPTIT,NPTIT
California Prestige University,CA,CPU,CPU
HCI College,FL,HC,HC
America Evangelical University,CA,AEU,AEU
Gadsden Technical College,FL,GTC,GTC
Virginia University of Integrative Medicine,VA,VUIM,VUIM
Nashville Film Institute,TN,NFI,NFI
Westcliff University,CA,WU,WU
World Class Academy of Beauty Careers,FL,WCABC,WCABC
Sacramento Ultrasound Institute,CA,SUI,SUI
Regan Career Institute,CA,RCI,RCI
Bolivar Technical College,MO,BTC,BTC
MAK Beauty Institute,GA,MBI,MBI
Mobile Technical Training,NJ,MTT,MTT
American Barber and Beauty Academy,PA,ABBA,ABBA
Yeshiva Shaar Ephraim,NY,YSE,YSE
California Institute of Arts & Technology,CA,CIAT,CIAT
Elite Cosmetology Barber & Spa Academy,WA,ECBSA,ECBSA
Cutting Edge Academy,NJ,CEA,CEA
Yeshiva Bais Aharon,NJ,YBA,YBA
Mechon L'hoyroa,NY,ML,ML
Elyon College,NY,EC,EC
Western Michigan University Homer Stryker M.D. School of Medicine,MI,WMUHSMSM,WMUHSMSM
Harmony Health Care Institute,NH,HHCI,HHCI
American Beauty and Trade School,FL,ABTS,ABTS
Hogan Institute of Cosmetology and Esthetics,GA,HICE,HICE
J's Barber College,LA,JBC,JBC
Ann Webb Skin Institute,TX,AWSI,AWSI
Apex Academy Hair Skin Nails School of Cosmetology,OH,AAHSNSC,AAHSNSC
The Esthetic Institute,VA,EI,EI
Massage Institute of Memphis,TN,MIM,MIM
Metro Detroit Barber College,MI,MDBC,MDBC
Digital Media Institute,LA,DMI,DMI
Yeshiva Ohr Naftoli,NY,YON,YON
Bais Medrash Mayan Hatorah,NJ,BMMH,BMMH
Allgood Beauty Institute,TX,ABI,ABI
Ray J's College of Hair,LA,RJCH,RJCH
Manuel and Theresa's School of Hair Design,TX,MTSHD,MTSHD
Cincinnati School of Barbering & Hair Design,OH,CSBHD,CSBHD
L Makeup Institute,NV,LMI,LMI
Northern Technical College,AR,NTC,NTC
Maine Media College,ME,MMC,MMC
Purdue University Northwest,IN,PUN,PUN
Ross Medical Education Center-Portage,MI,RMECP,RMECP
Ross College-Canton,OH,RCC,RCC
Ross College-Grand Rapids North,MI,RCGRN,RCGRN
American Institute-Somerset,NJ,AIS,AIS
Platt College-Anaheim,CA,PCA,PCA
Advantage Career Institute,NJ,ACI,ACI
Bull City Durham Beauty and Barber College,NC,BCDBBC,BCDBBC
Fortis College-Cutler Bay,FL,FCCB,FCCB
Yeshiva Kollel Tifereth Elizer,NY,YKTE,YKTE
Strand Institute of Beauty & Esthetics,TX,SIBE,SIBE
Arkansas Welding Academy,AR,AWA,AWA
Unitech Training Academy-Baton Rouge,LA,UTABR,UTABR
Empire Beauty School-Tampa,FL,EBST,EBST
Empire Beauty School-Lakeland,FL,EBSL,EBSL
Galen College of Nursing-ARH,KY,GCNA,GCNA
The Chicago School at San Diego,CA,CSSD,CSSD
Commercial Divers International,AZ,CDI,CDI
Tricoci University of Beauty Culture-Janesville,WI,TUBCJ,TUBCJ
Unlimited Cosmetology School,MS,UCS,UCS
The Culinary School of Fort Worth,TX,CSFW,CSFW
Centralia Beauty College,WA,CBC,CBC
University of Wisconsin-Milwaukee Flex,WI,UWMF,UWMF
University of Wisconsin-Parkside Flex,WI,UWPF,UWPF
Miller-Motte College-STVT-Arlington,TX,MMCSA,MMCSA
Bnos Zion Of Bobov Seminary,NY,BZBS,BZBS
ABC Adult School,CA,AAS,AAS
Polytech Adult Education,DE,PAE,PAE
Union Bible College,IN,UBC,UBC
Pets Playground Grooming School,FL,PPGS,PPGS
San Bernardino Beauty College,CA,SBBC,SBBC
Christina and Company Education Center,IN,CCEC,CCEC
Institute of Medical Ultrasound,GA,IMU,IMU
Mystros Barber Academy,TX,MBA,MBA
European Medical School of Massage,PA,EMSM,EMSM
Yeshiva Gedolah Tiferes Boruch,NJ,YGTB,YGTB
Yeshiva Chemdas Hatorah,NJ,YCH,YCH
Women's Institute of Torah Seminary and College,MD,WITSC,WITSC
Yeshiva Gedolah Keren Hatorah,NJ,YGKH,YGKH
ICOHS College,CA,IC,IC
Neo-Esthetique European Institute,PR,NEEI,NEEI
Lehigh Valley Barber School,PA,LVBS,LVBS
International Barber College,AZ,IBC,IBC
Brown Beauty Barber School,AL,BBBS,BBBS
Rexburg College of Massage Therapy,ID,RCMT,RCMT
Yeshiva Gedolah of Cliffwood,NJ,YGC,YGC
UR Beauty & Barber Academy,FL,UBBA,UBBA
Urban Barber College,CA,UBC,UBC
Yeshivas Emek Hatorah,NJ,YEH,YEH
Transitions Career Institute School of Nursing,NY,TCISN,TCISN
Wilton Simpson Technical College,FL,WSTC,WSTC
Stacey James Institute,CO,SJI,SJI
Meridian University,CA,MU,MU
Seminary Bnos Chaim,NJ,SBC,SBC
Avenue Academy A Cosmetology Institute,NM,AACI,AACI
Salon Professional Academy of San Antonio,TX,SPASA,SPASA
Red Lake Nation College,MN,RLNC,RLNC
Princess Institute of Beauty,CA,PIB,PIB
Vogue International Academy,TX,VIA,VIA
Independent Training & Apprenticeship Program,CA,ITAP,ITAP
Victory Career College,CA,VCC,VCC
Winonah's International School of Cosmetology,AL,WISC,WISC
Yeshiva Gedola Tiferes Yerachmiel,NJ,YGTY,YGTY
Southeastern Esthetics Institute,SC,SEI,SEI
Caris College,IN,CC,CC
Contra Costa Medical Career College,CA,CCMCC,CCMCC
Another Level Barbering and Cosmetology School,VA,ALBCS,ALBCS
The Salon Professional Academy-Georgetown,TX,SPAG,SPAG
Elite Academy of Hair Design,OH,EAHD,EAHD
Americare Technical School,IL,ATS,ATS
Champion Christian College,AR,CCC,CCC
Chicago Professional Center,IL,CPC,CPC
DSDT,MI,,DSDT
Elite Beauty College,OK,EBC,EBC
GoodFellas Barber College,AR,GBC,GBC
Escondido Adult School,CA,EAS,EAS
Poway Adult School,CA,PAS,PAS
Vista Adult School,CA,VAS,VAS
No Grease Barber School,NC,NGBS,NGBS
Pima Medical Institute-San Marcos,CA,PMISM,PMISM
EDP University of Puerto Rico-Villalba,PR,EUPRV,EUPRV
KCK Beauty & Barber Academy,FL,KBBA,KBBA
California College of Barbering and Cosmetology,CA,CCBC,CCBC
Texas Tech University Health Scienes Center El Paso,TX,TTUHSCEP,TTUHSCEP
Ponce Health Sciences University-Centro Universitario de San Juan,PR,PHSUCUDSJ,PHSUCUDSJ
The College of Health Care Professions-South San Antonio,TX,CHCPSSA,CHCPSSA
Chamberlain University-Louisiana,LA,CUL,CUL
Drury University-College of Continuing Professional Studies,MO,DUCCPS,DUCCPS
Global Medical & Technical Training Institute,FL,GMTTI,GMTTI
Salon Success Academy-West Covina,CA,SSAWC,SSAWC
Indiana Institute of Technology-College of Professional Studies,IN,IITCPS,IITCPS
Universal Technical Institute-Bloomfield,NJ,UTIB,UTIB
Urban Academy of Beauty,NM,UAB,UAB
WellSpring School of Allied Health-Springfield,MO,WSAHS,WSAHS
Medical Career College of Northern California,CA,MCCNC,MCCNC
Premiere International College,FL,PIC,PIC
San Diego Global Knowledge University,CA,SDGKU,SDGKU
Global Tech College,OH,GTC,GTC
McAllen Careers Institute,TX,MCI,MCI
Bellasa Professional Institute,FL,BPI,BPI
Health and Technology Training Institute,PA,HTTI,HTTI
Yeshiva of Ocean,NY,YO,YO
Congregation Talmidei Mesivta Tiferes Shmiel Aleksander,NY,CTMTSA,CTMTSA
Pro Beauty Academy,NJ,PBA,PBA
South Eastern Beauty Academy,KY,SEBA,SEBA
Ohel Margulia Seminary,NY,OMS,OMS
Yeshivat Hechal Shemuel,NY,YHS,YHS
Professional University Dr. Carlos J. Borrero Rios,PR,PUDCJBR,PUDCJBR
American Institute of Healthcare & Technology,CT,AIHT,AIHT
Premier Academy of Cosmetology,OK,PAC,PAC
Yeshiva Gedolah of Woodlake Village,NJ,YGWV,YGWV
Yeshiva Gedola Tiferes Yaakov Yitzchok,NJ,YGTYY,YGTYY
Houston Barber School,TX,HBS,HBS
Health-Tech Institute of Memphis,TN,HTIM,HTIM
MIXED Institute of Cosmetology & Barber,CA,MICB,MICB
Vski Cosmetology School,SC,VCS,VCS
New York Seminary,NY,NYS,NYS
Deluxe Barber College,TX,DBC,DBC
Falcon Institute of Health and Science,PA,FIHS,FIHS
College Unbound,RI,CU,CU
A Better U Beauty Barber Academy,NM,BUBBA,BUBBA
SANS Technology Institute,MD,STI,STI
Tuana European Beauty Academy,CO,TEBA,TEBA
Idaho College of Osteopathic Medicine,ID,ICOM,ICOM
Cal Northern School of Law,CA,CNSL,CNSL
College of Athens,GA,CA,CA
Southern Careers Institute-Waco,TX,SCIW,SCIW
Ponce Health Sciences University-St Louis,MO,PHSUSL,PHSUSL
Lil Lou's Beauty and Barber College-Hammond,IN,LLBBCH,LLBBCH
Arizona College of Nursing-Dallas,TX,ACND,ACND
The Salon Professional Academy-Washington DC,DC,SPAWD,SPAWD
Valley College-Cleveland,OH,VCC,VCC
EDP University of Puerto Rico-Humacao,PR,EUPRH,EUPRH
EDP University of Puerto Rico-Manati,PR,EUPRM,EUPRM
UEI College-Sacramento,CA,UCS,UCS
Fortis Institute-Cookeville,TN,FIC,FIC
Derech Hachaim Seminary,NY,DHS,DHS
Evvaylois Academy School of Beauty,TX,EASB,EASB
Avenue Five Institute-South Austin Campus,TX,AFISAC,AFISAC
Sattler College,MA,SC,SC
Pima Medical Institute-San Antonio,TX,PMISA,PMISA
The Southwestern Baptist Theological Seminary,TX,SBTS,SBTS
Lotus Professional College,VA,LPC,LPC
Christ Mission College,TX,CMC,CMC
Esteem Academy of Beauty,UT,EAB,EAB
KC Beauty Academy,CA,KBA,KBA
Urshan University,MO,UU,UU
Texas Healthtech Institute,TX,THI,THI
Xtylo Beauty and Barber College,AZ,XBBC,XBBC
Tonsorial Arts Barber College,TX,TABC,TABC
Michael's Barber & Hair Stylist Academy,TX,MBHSA,MBHSA
Yeshiva Yesoda Hatorah Vetz Chaim,NY,YYHVC,YYHVC
North-West College-San Diego,CA,NWCSD,NWCSD
West Virginia Junior College-United Career Institute,PA,WVJCUCI,WVJCUCI
Aviation Institute of Maintenance-Charlotte,NC,AIMC,AIMC
Fortis College-Landover,MD,FCL,FCL
Stautzenberger College-Rockford Career College,IL,SCRCC,SCRCC
WellSpring School of Allied Health-Wichita,KS,WSAHW,WSAHW
Access Careers-Islandia,NY,ACI,ACI
Northern Pennsylvania Regional College,PA,NPRC,NPRC
Apex College of Veterinary Technology,CO,ACVT,ACVT
Meryma'at Barber College,OH,MBC,MBC
Western Maricopa Education Center,AZ,WMEC,WMEC
Bais Medrash of Dexter Park,NY,BMDP,BMDP
Makana Esthetics Wellness Academy,HI,MEWA,MEWA
Oak Valley College,CA,OVC,OVC
Paul Mitchell the School-San Jose,CA,PMSSJ,PMSSJ
Zion Massage College,UT,ZMC,ZMC
Marine Trades Institute,MI,MTI,MTI
Austin Career Institute LLC,TX,ACIL,ACIL
Pacific Northwest Christian College,WA,PNCC,PNCC
Hollywood Cultural College,CA,HCC,HCC
Mariano Moreno Culinary Institute,FL,MMCI,MMCI
Alder Graduate School of Education,CA,AGSE,AGSE
Webb's Barber School of Arts,GA,WBSA,WBSA
Adrian H. Wallace Barber Academy,FL,AHWBA,AHWBA
St. Louis Med Tech,MO,SLMT,SLMT
Total Beauty Institute,FL,TBI,TBI
Pearlands Innovative School of Beauty,TX,PISB,PISB
Durant Institute of Hair Design,OK,DIHD,DIHD
Premiere Aesthetics Institute,OR,PAI,PAI
California Indian Nations College,CA,CINC,CINC
Indian Bible College,AZ,IBC,IBC
Florida Professional Institute,FL,FPI,FPI
The Professional Cosmetology Academy,TX,PCA,PCA
Hackensack Meridian School of Medicine,NJ,HMSM,HMSM
Taylor Andrews Academy of Hair Design-Hair Lab Detroit Barber School,MI,TAAHDHLDBS,TAAHDHLDBS
Paul Mitchell the School-Fort Lauderdale,FL,PMSFL,PMSFL
PCI Academy-Iowa City,IA,PAIC,PAIC
Paul Mitchell the School-Provo,UT,PMSP,PMSP
Arizona College of Nursing-Tampa,FL,ACNT,ACNT
Arizona College of Nursing-Fort Lauderdale,FL,ACNFL,ACNFL
Arizona College of Nursing-Tucson,AZ,ACNT,ACNT
Arizona College of Nursing-Phoenix,AZ,ACNP,ACNP
Empire Beauty School-Newport News,VA,EBSNN,EBSNN
Tricoci University of Beauty Culture-Normal,IL,TUBCN,TUBCN
Paul Mitchell the School-Murfreesboro-Nashville,TN,PMSMN,PMSMN
Dorsey College-Woodhaven,MI,DCW,DCW
Pathways College,AZ,PC,PC
San Joaquin Valley College-Rancho Mirage,CA,SJVCRM,SJVCRM
San Joaquin Valley College-Santa Maria,CA,SJVCSM,SJVCSM
Advantage Technical College-Aguadilla,PR,ATCA,ATCA
California University of Science and Medicine,CA,CUSM,CUSM
Ruben's Five Star Academy,FL,RFSA,RFSA
Provo College-Idaho Falls Campus,ID,PCIFC,PCIFC
Eagle Gate College-Boise Campus,ID,EGCBC,EGCBC
Elite Welding Academy South Point,OH,EWASP,EWASP
Agape College of Business and Science,CA,ACBS,ACBS
Newlane University,UT,NU,NU
Zorganics Institute of Beauty and Wellness,WA,ZIBW,ZIBW
Daybreak University,CA,DU,DU
Motion Picture Institute,MI,MPI,MPI
The  Salon Professional Academy of Holland,MI,SPAH,SPAH
Dymond Designs Beauty School,MI,DDBS,DDBS
National Institute for Medical Assistant Advancement (NIMAA),CO,NIMAAN,NIMAAN
California Northstate University,CA,CNU,CNU
Antigua College International,FL,ACI,ACI
Burlington County Institute of Technology-Adult Education,NJ,BCITAE,BCITAE
Sri Sai Krish Institute,CA,SSKI,SSKI
Riggins Urban Barber College,CA,RUBC,RUBC
Hair Arts Institute,OK,HAI,HAI
Florida Academy of Nursing,FL,FAN,FAN
Body Wisdom Massage Therapy School,IA,BWMTS,BWMTS
CTK Healthcare & Career Institute,TX,CHCI,CHCI
Aesthetics Institute,MO,AI,AI
Sierra Academy of Style,NV,SAS,SAS
Institute of Allied Healthcare,TX,IAH,IAH
NewU University,DC,NU,NU
Branford Academy of Hair & Cosmetology-Bridgeport,CT,BAHCB,BAHCB
United Education Institute-Las Vegas,NV,UEILV,UEILV
UEI College-Mesa,AZ,UCM,UCM
Larry's Barber College-Joliet,IL,LBCJ,LBCJ
Herzing University-Tampa,FL,HUT,HUT
Galen Health Institutes-Miami Campus,FL,GHIMC,GHIMC
Abilene Christian University-Undergraduate Online,TX,ACUUO,ACUUO
Madera Community College,CA,MCC,MCC
Ogle School Hair Skin Nails-Willowbrook,TX,OSHSNW,OSHSNW
Galen Health Institutes-Austin Campus,TX,GHIAC,GHIAC
Galen Health Institutes-Nashville Campus,TN,GHINC,GHINC
Ohio Business College-Dayton-Driving Academy,OH,OBCDDA,OBCDDA
The Rapha School,PA,RS,RS
Academy of Allied Health Careers,TN,AAHC,AAHC
Mei Barber School,TX,MBS,MBS
Great Northern University,WA,GNU,GNU
Salon Professional Academy-Elevate Salon Institute,FL,SPAESI,SPAESI
Arizona College of Nursing-Salt Lake City,UT,ACNSLC,ACNSLC
Arizona College-Glendale,AZ,ACG,ACG
Universal Technical Institute-West Texas,TX,UTIWT,UTIWT
Avalon Institute-Las Vegas,NV,AILV,AILV
Medspa Academies-National Institute of Modern Aesthetics,NV,MANIMA,MANIMA
American Institute-Cherry Hill,NJ,AICH,AICH
Glendale Career College-North-West College-Bakersfield,CA,GCCNWCB,GCCNWCB
Barber Education Academy,TX,BEA,BEA
Legends Barber College,TX,LBC,LBC
Academia Medical Institute,OH,AMI,AMI
Barbers Trade School,TX,BTS,BTS
Top of the Line Barber School,TX,TLBS,TLBS
Bridges Christian College,LA,BCC,BCC
Kino College,AZ,KC,KC
Salon Professional Academy,NJ,SPA,SPA
Southern California College of Barber and Beauty,CA,SCCBB,SCCBB
Hello Gorgeous Barbers Stillwater's School of Barbering,OK,HGBSSB,HGBSSB
Jackson Theological Seminary,AR,JTS,JTS
Redeemers University North America,TX,RUNA,RUNA
Personal Touch Beauty and Barber College,SC,PTBBC,PTBBC
Reach University,CA,RU,RU
Technology Learning Center,MA,TLC,TLC
Hawaii Tokai International College,HI,HTIC,HTIC
Sweetwater Institute of Cosmetology,TN,SIC,SIC
Kansas Health Science University,KS,KHSU,KHSU
Academy for Jewish Religion,NY,AJR,AJR
American College of Healthcare and Technology-Santa Ana,CA,ACHTSA,ACHTSA
Aviation Institute of Maintenance-Chicago,IL,AIMC,AIMC
Evangel University-College of Online Learning,MO,EUCOL,EUCOL
Marian University-Ancilla,IN,MUA,MUA
Spa Tech Institute-North Andover,MA,STINA,STINA
Aveda Arts & Sciences Institute Lafayette-Arlington,VA,AASILA,AASILA
Concorde Career College-Broadway,MO,CCCB,CCCB
United Education Institute-Stone Mountain,GA,UEISM,UEISM
UEI College-Tacoma,WA,UCT,UCT
Montgomery Beauty School-Baltimore Beauty & Barber School,MD,MBSBBBS,MBSBBBS
Commonwealth of Puerto Rico Department of Education-PRAMI,PR,CPRDEP,CPRDEP
Universal Technical Institute-South Florida Miramar,FL,UTISFM,UTISFM
Arizona College of Nursing-Southfield,MI,ACNS,ACNS
Galen Health Institutes-Sarasota,FL,GHIS,GHIS
Galen Health Institutes-Gainesville,FL,GHIG,GHIG
Galen Health Institutes-Richmond,VA,GHIR,GHIR
Galen Health Institutes-Myrtle Beach,SC,GHIMB,GHIMB
Galen Health Institutes-Asheville,NC,GHIA,GHIA
Larkin University,FL,LU,LU
The Salon Professional Academy Maplewood,MN,SPAM,SPAM
San Francisco School of Massage & Bodywork,CA,SFSMB,SFSMB
Chancellor Institute,FL,CI,CI
Studio 75 Hair Academy,TN,SHA,SHA
Boone Career and Technical Center,WV,BCTC,BCTC
Edge Academy of Beauty,KY,EAB,EAB
Premier Barber School,TX,PBS,PBS
Arizona College of Nursing-Falls Church,VA,ACNFC,ACNFC
Arizona College of Nursing-Ontario,CA,ACNO,ACNO
Galen Health Institutes-Houston,TX,GHIH,GHIH
Galen Health Institutes-Pikeville,KY,GHIP,GHIP
Commonwealth University of Pennsylvania,PA,CUP,CUP
Pennsylvania Western University,PA,PWU,PWU
Justice University,AZ,JU,JU
I M Beauty School,IL,IMBS,IMBS
Aveda Institute Montana,MT,AIM,AIM
Lehigh Career & Technical Institute,PA,LCTI,LCTI
CalCopa Massage School,CA,CMS,CMS
Medical Solutions Academy,VA,MSA,MSA
Sami Halaseh Institute,KS,SHI,SHI
Beaver Beauty Academy,GA,BBA,BBA
Upper Kutz Barber & Style College,MS,UKBSC,UKBSC
All In The Wrist Barber Academy,DE,AWBA,AWBA
Yeshiva of Kasho,NY,YK,YK
Cutting Edge Barber Academy,PA,CEBA,CEBA
JT's Cuts Academy,FL,JCA,JCA
The Nurse Academy,CA,NA,NA
Heartland Welding Academy,KS,HWA,HWA
Jazz Barber and Hairstyling Academy,VA,JBHA,JBHA
Renaissance Beauty Academy,MO,RBA,RBA
Central Valley Barber College,CA,CVBC,CVBC
One Stop Academy,NC,OSA,OSA
East Texas Cosmetology College,TX,ETCC,ETCC
Yeshivas Sanz Klauzenburg,NY,YSK,YSK
URBE University,FL,UU,UU
Art22 Academy,IN,AA,AA
Champ's Barber School-Lebanon,PA,CBSL,CBSL
Collectiv Hair Dressing Academy-Collectiv Academy-Dallas,TX,CHDACAD,CHDACAD
Homestead Schools-Costa Mesa,CA,HSCM,HSCM
Herzing University-Nashville,TN,HUN,HUN
College of Biomedical Equipment Technology,TX,CBET,CBET
Dorsey College-Grand Rapids,MI,DCGR,DCGR
Baltimore Beauty & Barber School II,MD,BBBSI,BBBSI
Galen Health Institutes-Dallas,TX,GHID,GHID
Galen Health Institutes-Roanoke,VA,GHIR,GHIR
Galen Health Institutes-Wichita,KS,GHIW,GHIW
Galen Health Institutes-Salt Lake City,UT,GHISLC,GHISLC
Aveda Institute Tucson-Avondale,AZ,AITA,AITA
Premiere Aesthetics Institute-Meridian,ID,PAIM,PAIM
Arizona College of Nursing-Sarasota,FL,ACNS,ACNS
Arizona College of Nursing-Aurora,CO,ACNA,ACNA
Arizona College of Nursing-Cincinnati,OH,ACNC,ACNC
Arizona College of Nursing-Cleveland,OH,ACNC,ACNC
Glendale Career College-North-West College-MFSON,CA,GCCNWCM,GCCNWCM
Denver College of Nursing-Houston,TX,DCNH,DCNH
Gwinnett Institute,FL,GI,GI
Townsend Barber Institute,MN,TBI,TBI
Puerto Rico Advance Institute,PR,PRAI,PRAI
Austin Medical Assistant Training,NY,AMAT,AMAT
Albany Beauty Academy,GA,ABA,ABA
Wade Gordon Hairdressing Academy-Oklahoma,OK,WGHAO,WGHAO
EDP University of Puerto Rico-Caguas,PR,EUPRC,EUPRC
Aviation Institute of Maintenance-Phoenix,AZ,AIMP,AIMP
Galen Health Institutes-Las Vegas,NV,GHILV,GHILV
Stellar Career College-Crown Point,IN,SCCCP,SCCCP
Tulsa Welding School-Dallas Campus,TX,TWSDC,TWSDC
Barber Tech Academy-Columbia,SC,BTAC,BTAC
Ricketts Great Books College,NE,RGBC,RGBC
Diverse Media Institute,MN,DMI,DMI
Atlantic Acting School,NY,AAS,AAS
Mosdos Yaakov V'Yisroel,NJ,MYV,MYV
Jama's Beauty & Barber College,CA,JBBC,JBBC
West Coast Barber College,CA,WCBC,WCBC
C N K Barber College,MS,CNKBC,CNKBC
South Post Oak Barber College,TX,SPOBC,SPOBC
Petra College,LA,PC,PC
Brighton Barber Institute,TX,BBI,BBI
Kentucky Welding Institute,KY,KWI,KWI
Precision Welding Academy,TX,PWA,PWA
Southwest Michigan Beauty School,MI,SMBS,SMBS
Southwest University of Naprapathic Medicine,NM,SUNM,SUNM
Berea Beauty Academy,KY,BBA,BBA
Affinity Hair Academy,FL,AHA,AHA
ICR Florida Education,FL,IFE,IFE
Empire Beauty School-Indianapolis,IN,EBSI,EBSI
Doral College,FL,DC,DC
Lincoln College of Technology-East Point,GA,LCTEP,LCTEP
Tidewater Tech-East Little Creek,VA,TTELC,TTELC
Lil Lou's Beauty and Barber College - South Bend,IN,LLBBCSB,LLBBCSB
Arizona College of Nursing - Chesapeake,VA,ACNC,ACNC
Arizona College of Nursing - Hartford,CT,ACNH,ACNH
UCAS University of Cosmetology Arts & Sciences - 03,TX,UUCAS,UUCAS
Arizona College of Nursing-St Louis,MO,ACNSL,ACNSL
EDvance College,CA,EC,EC
High Alternative Education,PR,HAE,HAE
Virginia Barber School,VA,VBS,VBS
Aguilas International Technical Institute,FL,AITI,AITI
Miami Barber Institute,FL,MBI,MBI
Modern Male Barber Academy,PA,MMBA,MMBA
Epic Barber College,TX,EBC,EBC
Mosley School of Cosmetology,MI,MSC,MSC
New Orleans Culinary and Hospitality Institute,LA,NOCHI,NOCHI
Glitz School of Cosmetology -  Santa Fe Campus,NM,GSCSFC,GSCSFC
UR Beauty & Barber Academy-At True Family Barber Academy,FL,UBBATFBA,UBBATFBA
Shearz Institute,GA,SI,SI
University of Fairfax,VA,UF,UF
Circle of Love Academy,NC,CLA,CLA
Virginia Christian College,VA,VCC,VCC
Ideal Institute of Technology,NJ,IIT,IIT
Beauty Culture Academy,NY,BCA,BCA
Congregation YMH,NY,CY,CY
Eisek Hatorah DRachmistrivka,NY,EHD,EHD
Centureon Institute,FL,CI,CI
Dooby Shop School of Cosmetology,NC,DSSC,DSSC
New Image Beauty and Barber School,TX,NIBBS,NIBBS
Final Touch Barber Academy,PA,FTBA,FTBA
Metropolitan Barber Academy,PA,MBA,MBA
Bet Midrash Ohel Torah,NJ,BMOT,BMOT
Northpoint College,MI,NC,NC
Goodwill Technical College,LA,GTC,GTC
Charm Beauty School,MI,CBS,CBS
Salon Professional Academy (The),TX,SPA,SPA
Noe' Noonan School of Cosmetology,PA,NNSC,NNSC
Champ's Barber School-York,PA,CBSY,CBSY
United Education Institute-Dallas,TX,UEID,UEID
Galen Health Institutes-Aurora,CO,GHIA,GHIA
Galen Health Institutes-Savannah,GA,GHIS,GHIS
Galen Health Institutes-Orlando,FL,GHIO,GHIO
Carrington College-Bakersfield,CA,CCB,CCB
Carrington College-Fresno,CA,CCF,CCF
Carrington College-Hesperia,CA,CCH,CCH
Carrington College-Lancaster,CA,CCL,CCL
Carrington College-Modesto,CA,CCM,CCM
Carrington College-Ontario,CA,CCO,CCO
Carrington College-Rancho Cordova,CA,CCRC,CCRC
Carrington College-Rancho Mirage,CA,CCRM,CCRM
Carrington College-Santa Maria,CA,CCSM,CCSM
Carrington College-Temecula,CA,CCT,CCT
Carrington College-Visalia,CA,CCV,CCV
Lyon College-School of Dental Medicine,AR,LCSDM,LCSDM
Premiere Aesthetics Institute-Post Falls,ID,PAIPF,PAIPF
IntelliTec College-Euphoria Institute of Beauty Arts and Sciences,NV,ICEIBAS,ICEIBAS
Tint School of Makeup & Cosmetology-Plano,TX,TSMCP,TSMCP
College of Health Care Professions-Garland,TX,CHCPG,CHCPG
Ohio Business College-Columbus,OH,OBCC,OBCC
Glendale Career College-Nevada Career Institute-MFSON,NV,GCCNCIM,GCCNCIM
UEI College-United Education Institute-Albuquerque,NM,UCUEIA,UCUEIA
UEI College-United Education Institute-Houston,TX,UCUEIH,UCUEIH
Glendale Career College-North-West College-MFSON-Riverside,CA,GCCNWCMR,GCCNWCMR
Activa Training Center,FL,ATC,ATC
Chicago College of Oriental Medicine,IL,CCOM,CCOM
Neihule Academy of Beauty,CA,NAB,NAB
Prince's Barber Academy,OH,PBA,PBA
Style Mobb University School of Cosmetology,GA,SMUSC,SMUSC
Yeshiva Gedola Amidei Dgirsa,NY,YGAD,YGAD
Care Hope College,FL,CHC,CHC
UTH Florida University,FL,UFU,UFU
University of North America,VA,UNA,UNA
West Coast University-Los Angeles,CA,WCULA,WCULA
Orange Technical College-Avalon Campus,FL,OTCAC,OTCAC
Herzing University-Clarksville,TN,HUC,HUC
Ogle School Hair Skin Nails-Atlanta,GA,OSHSNA,OSHSNA
The Chicago School at Dallas,TX,CSD,CSD
Elaine Sterling Institute-Dunwoody,GA,ESID,ESID
Las Vegas College-Houston Career Institute,TX,LVCHCI,LVCHCI
Northwest Educational Center-Construction Technology,TX,NECCT,NECCT
Lincoln College of Technology-Houston,TX,LCTH,LCTH
Glitz School of Cosmetology-Casa Grande Campus,AZ,GSCCGC,GSCCGC
San Joaquin Valley College-San Leandro,CA,SJVCSL,SJVCSL
San Joaquin Valley College-Sacramento,CA,SJVCS,SJVCS
San Joaquin Valley College-Phoenix,AZ,SJVCP,SJVCP
Concorde Career College-Portland,OR,CCCP,CCCP
Riggins Urban Barber College-Palm Avenue,CA,RUBCPA,RUBCPA
Troy University-Montgomery Campus,AL,TUMC,TUMC
Troy University-Dothan Campus,AL,TUDC,TUDC
Troy University-Online,AL,TUO,TUO
Troy University-Support Sites,GA,TUSS,TUSS
Arizona State University-West Valley,AZ,ASUWV,ASUWV
Arizona State University-Polytechnic,AZ,ASUP,ASUP
Arizona State University-Downtown Phoenix,AZ,ASUDP,ASUDP
Arizona State University - Tucson,AZ,ASUT,ASUT
Arizona State University - The Gila Valley,AZ,ASUGV,ASUGV
Arizona State University - Yuma,AZ,ASUY,ASUY
Arizona State University - Pinal,AZ,ASUP,ASUP
Arizona State University - Cochise,AZ,ASUC,ASUC
Arizona State University - Yavapai,AZ,ASUY,ASUY
Arizona State University - Pima,AZ,ASUP,ASUP
Arizona State University - Washington D.C.,DC,ASUWD,ASUWD
Arizona State University - Northeastern Arizona,AZ,ASUNA,ASUNA
Arizona State University - Mesa City Center,AZ,ASUMCC,ASUMCC
Arizona State University - ASU California Center - Broadway,CA,ASUACCB,ASUACCB
Arizona State University - ASU California Center - Grand,CA,ASUACCG,ASUACCG
Career Academy of Hair Design-Siloam Springs,AR,CAHDSS,CAHDSS
Career Academy of Hair Design-Rogers,AR,CAHDR,CAHDR
Career Academy of Hair Design-Fayetteville,AR,CAHDF,CAHDF
Career Academy of Hair Design - Fort Smith,AR,CAHDFS,CAHDFS
University of Arkansas Community College at Hope - Texarkana,AR,UACCHT,UACCHT
Alliant International University-Fresno,CA,AIUF,AIUF
Alliant International University-Los Angeles,CA,AIULA,AIULA
Alliant International University-San Francisco Bay Area,CA,AIUSFBA,AIUSFBA
Alliant International University-Irvine,CA,AIUI,AIUI
Alliant International University-Sacramento,CA,AIUS,AIUS
Alliant International University - Phoenix,AZ,AIUP,AIUP
Casa Loma College - Nashville,TN,CLCN,CLCN
Casa Loma College -  Aurora,CO,CLCA,CLCA
San Jose Campus,CA,SJC,SJC
IDEA at ATEP,CA,IA,IA
Life Pacific University-Virginia,VA,LPUV,LPUV
Life Chiropractic College West - Bellevue University,NE,LCCWBU,LCCWBU
MiraCosta College - San Elijo Campus,CA,MCSEC,MCSEC
Mount Saint Mary's University - Doheny Campus,CA,MSMUDC,MSMUDC
RAND School of Public Policy - Virginia,VA,RSPPV,RSPPV
San Diego State University-Imperial Valley Campus,CA,SDSUIVC,SDSUIVC
Jesuit School of Theology of Santa Clara University,CA,JSTSCU,JSTSCU
Thomas Aquinas College - New England,MA,TACNE,TACNE
Victor Valley Community College - Aviation Technology,CA,VVCCAT,VVCCAT
Wright Institute (The) -,CA,WI,WI
Denver Seminary - Washington DC,MD,DSWD,DSWD
Goodwin University - Bridgeport Campus,CT,GUBC,GUBC
Porter and Chester Institute of Waterbury,CT,PCIW,PCIW
Porter and Chester Institute of Worcester,MA,PCIW,PCIW
Porter and Chester Institute - Brockton,MA,PCIB,PCIB
Porter and Chester Institute - Chicopee,MA,PCIC,PCIC
Porter and Chester Institute - New London,CT,PCINL,PCINL
Delaware Technical Community College-Owens,DE,DTCCO,DTCCO
Delaware Technical Community College-Stanton/Wilmington,DE,DTCCSW,DTCCSW
Barry University Law School,FL,BULS,BULS
Keiser University-Melbourne,FL,KUM,KUM
Keiser University-Tallahassee,FL,KUT,KUT
Keiser University-Daytona,FL,KUD,KUD
Keiser University-Lakeland,FL,KUL,KUL
Keiser University- Miami,FL,KUM,KUM
Keiser University-Orlando,FL,KUO,KUO
Keiser University-Sarasota,FL,KUS,KUS
Keiser University-Jacksonville,FL,KUJ,KUJ
Keiser University-Tampa,FL,KUT,KUT
Keiser University-Pembroke Pines,FL,KUPP,KUPP
Keiser University-Port St Lucie,FL,KUPSL,KUPSL
Keiser University-West Palm Beach,FL,KUWPB,KUWPB
Keiser University-Ft Myers,FL,KUFM,KUFM
Keiser University -  Clearwater,FL,KUC,KUC
Keiser University - New Port Richey,FL,KUNPR,KUNPR
Keiser University - Residential (Flagship),FL,KURF,KURF
Maynard A. Traviss Technical College - Central Florida Aerospace Academy,FL,MTTCCFAA,MTTCCFAA
Traviss Technical College - ATCFO,FL,TTCA,TTCA
Miami Lakes Educational Center and Technical College -,FL,MLECTC,MLECTC
Rasmussen University-Central Pasco,FL,RUCP,RUCP
Rasmussen University-Fort Myers,FL,RUFM,RUFM
Rasmussen University-Tampa/Brandon,FL,RUTB,RUTB
Rasmussen University-North Orlando,FL,RUNO,RUNO
East Georgia State College - Statesboro,GA,EGSCS,EGSCS
East Georgia State College - Augusta,GA,EGSCA,EGSCA
Illinois Eastern Community Colleges-Olney Central College,IL,IECCOCC,IECCOCC
Illinois Eastern Community Colleges-Frontier Community College,IL,IECCFCC,IECCFCC
Illinois Eastern Community Colleges-Lincoln Trail College,IL,IECCLTC,IECCLTC
Illinois Eastern Community Colleges-Wabash Valley College,IL,IECCWVC,IECCWVC
Moody Theological Seminary and Graduate School--Michigan,MI,MTSGSM,MTSGSM
Moody Bible Institute - Spokane,WA,MBIS,MBIS
Triton College - Intl Union of Operating Engr Local 399 Trning Fac.,IL,TCIUOELTF,TCIUOELTF
PJ's College of Cosmetology- Brownsburg,IN,PCCB,PCCB
PJ's College of Cosmetology- Jeffersonville,IN,PCCJ,PCCJ
Ivy Tech Community College-South Bend/Elkhart,IN,ITCCSBE,ITCCSBE
Ivy Tech Community College-Columbus,IN,ITCCC,ITCCC
Ivy Tech Community College-Muncie,IN,ITCCM,ITCCM
Ivy Tech Community College-Kokomo,IN,ITCCK,ITCCK
Ivy Tech Community College-Lafayette,IN,ITCCL,ITCCL
Ivy Tech Community College-Fort Wayne,IN,ITCCFW,ITCCFW
Ivy Tech Community College-Sellersburg,IN,ITCCS,ITCCS
Ivy Tech Community College-Evansville,IN,ITCCE,ITCCE
Ivy Tech Community College-Terre Haute,IN,ITCCTH,ITCCTH
Ivy Tech Community College-Richmond,IN,ITCCR,ITCCR
Ivy Tech Community College-Lake County,IN,ITCCLC,ITCCLC
Ivy Tech Community College-Madison,IN,ITCCM,ITCCM
Ivy Tech Community College-Bloomington,IN,ITCCB,ITCCB
Ivy Tech Community College-Indianapolis,IN,ITCCI,ITCCI
Ivy Tech Community College-Marion,IN,ITCCM,ITCCM
Ivy Tech Community College-Valparaiso,IN,ITCCV,ITCCV
Ivy Tech Community College-Lawrenceburg,IN,ITCCL,ITCCL
Ivy Tech Community College-Hamilton County,IN,ITCCHC,ITCCHC
Ivy Tech Community College-Anderson,IN,ITCCA,ITCCA
Indiana University Fort Wayne,IN,IUFW,IUFW
Indiana University Columbus,IN,IUC,IUC
Graceland University - Independence,MO,GUI,GUI
Baker University School of Nursing,KS,BUSN,BUSN
Coffeyville Technical Campus,KS,CTC,CTC
Columbus Technical Campus,KS,CTC,CTC
Coffeyville Community College - EMS Building,KS,CCCEB,CCCEB
Old Town Barber College - KC,MO,OTBCK,OTBCK
PJ's College of Cosmetology- Greenfield,IN,PCCG,PCCG
PJ's College of Cosmetology- Muncie,IN,PCCM,PCCM
PJ's College of Cosmetology- Indianapolis,IN,PCCI,PCCI
PJ's College of Cosmetology- Plainfield,IN,PCCP,PCCP
PJ's College of Cosmetology- Louisville,KY,PCCL,PCCL
Southeastern Louisiana University - EBR Parish School System Prof Dev,LA,SLUEPSSPD,SLUEPSSPD
Southeastern Louisiana University - St Amant High School,LA,SLUSAHS,SLUSAHS
Southeastern Louisiana University - Destrahan High School,LA,SLUDHS,SLUDHS
Southeastern Louisiana University - Albert Cammon Middle School,LA,SLUACMS,SLUACMS
University of Maine - Machias,ME,UMM,UMM
Unity Environmental University - Unity,ME,UEUU,UEUU
Baker College of Cadillac,MI,BCC,BCC
Baker College of Jackson,MI,BCJ,BCJ
Baker College of Muskegon,MI,BCM,BCM
Baker College - Royal Oak Campus,MI,BCROC,BCROC
Calvin University - Handlon Campus,MI,CUHC,CUHC
Davenport University-Warren Location,MI,DUWL,DUWL
Davenport University-Kalamazoo Location,MI,DUKL,DUKL
Davenport University-Lansing Location,MI,DULL,DULL
Davenport University-Midland Location,MI,DUML,DUML
Anoka-Ramsey Community College-Cambridge Campus,MN,ARCCCC,ARCCCC
Central Lakes College-Staples Campus,MN,CLCSC,CLCSC
M State - Detroit Lakes Campus,MN,MSDLC,MSDLC
M State - Moorhead Campus,MN,MSMC,MSMC
M State - Wadena Campus,MN,MSWC,MSWC
Minnesota North College - Itasca,MN,MNCI,MNCI
Minnesota North College - Mesabi Range Virginia,MN,MNCMRV,MNCMRV
Minnesota North College - Mesabi Range Eveleth,MN,MNCMRE,MNCMRE
Minnesota North College - Rainy River,MN,MNCRR,MNCRR
Minnesota North College - Vermilion,MN,MNCV,MNCV
South Central College-Faribault,MN,SCCF,SCCF
Mayo Clinic College of Medicine and Science - Florida,FL,MCCMSF,MCCMSF
Mayo Clinic College of Medicine and Science - Arizona,AZ,MCCMSA,MCCMSA
Northland Community and Technical College - East Grand Forks,MN,NCTCEGF,NCTCEGF
Northland Community and Technical College - Aerospace,MN,NCTCA,NCTCA
Rasmussen University-Bloomington,MN,RUB,RUB
Rasmussen University-Eagan,MN,RUE,RUE
Rasmussen University-Mankato,MN,RUM,RUM
Rasmussen University-Hennepin/Anoka,MN,RUHA,RUHA
Minnesota State CollegeSoutheast-Red Wing Campus,MN,MSCRWC,MSCRWC
Copiah-Lincoln Community College Simpson County Center,MS,CLCCSCC,CLCCSCC
Copiah-Lincoln Community College-Natchez Campus,MS,CLCCNC,CLCCNC
University of Mississippi Medical Center,MS,UMMC,UMMC
Pearl River Community College-Forrest County Campus,MS,PRCCFCC,PRCCFCC
PRCC Hancock Aviation Aerospace Workforce Academy,MS,PHAAWA,PHAAWA
Avila University -  Arizona,AZ,AUA,AUA
Columbia College - Redstone Arsenal,AL,CCRA,CCRA
Columbia College - NAS Jacksonville,FL,CCNJ,CCNJ
Columbia College - Fort Leonard Wood,MO,CCFLW,CCFLW
Columbia College - Lake Ozark,MO,CCLO,CCLO
Columbia College - Fort Worth,TX,CCFW,CCFW
Columbia College - Naval Station Everett/Marysville,WA,CCNSEM,CCNSEM
Columbia College - Fort Stewart,GA,CCFS,CCFS
Columbia College - Hunter Army Airfield,GA,CCHAA,CCHAA
Columbia College - Whidbey Island,WA,CCWI,CCWI
Columbia College - Fort Sill,OK,CCFS,CCFS
Columbia College - San Diego,CA,CCSD,CCSD
Columbia College - Denver,CO,CCD,CCD
Columbia College - Whiteman AFB,MO,CCWA,CCWA
Kansas City University-Joplin,MO,KCUJ,KCUJ
City College Montana State University Billings,MT,CCMSUB,CCMSUB
American Institute,NJ,AI,AI
Monmouth University -  Monmouth Park Corporate Center,NJ,MUMPCC,MUMPCC
Bard College - Holyoke Microcollege,MA,BCHM,BCHM
Bard College - Coxsackie Correctional Facility,NY,BCCCF,BCCCF
Bard College - Eastern NY Correctional Facility,NY,BCENCF,BCENCF
Bard College - Fishkill Correctional Facility,NY,BCFCF,BCFCF
Bard College - Green Haven Correctional Facility,NY,BCGHCF,BCGHCF
Bard College - Taconic Correctional Facility,NY,BCTCF,BCTCF
Bard College - Woodbourne Correctional Facility,NY,BCWCF,BCWCF
Bard College - BHSEC Newark,NJ,BCBN,BCBN
Bard College - Brooklyn Public Library,NY,BCBPL,BCBPL
Bard College - New York Public Library Countee Cullen Branch,NY,BCNYPLCCB,BCNYPLCCB
Bard College - Bard Globalization and International Affairs Program,NY,BCBGIAP,BCBGIAP
Bard College - Albion Correctional Facility,NY,BCACF,BCACF
Bryant & Stratton College-Syracuse,NY,BSCS,BSCS
Bryant & Stratton College-Amherst,NY,BSCA,BSCA
Bryant & Stratton College-Southtowns,NY,BSCS,BSCS
Bryant & Stratton College-Henrietta,NY,BSCH,BSCH
Clarkson University Capital Region Campus,NY,CUCRC,CUCRC
Culinary Institute of America at Greystone,CA,CIAG,CIAG
Culinary Institute of America San Antonio,TX,CIASA,CIASA
CUNY Brooklyn College - Feirstein Graduate School of Cinema,NY,CBCFGSC,CBCFGSC
NYSMedical&Dental Assistants - American Institute of Clinical Massage,ID,NAAICM,NAAICM
Pratt Manhattan-A Division of Pratt Institute,NY,PMDPI,PMDPI
Rabbinical Seminary of America-Ma'yan HaTorah,NY,RSAMH,RSAMH
Southeastern Baptist Theological Seminary-Nash County Extension Center,NC,SBTSNCEC,SBTSNCEC
Southeastern Baptist Theological Seminary-Wake County Extension Center,NC,SBTSWCEC,SBTSWCEC
Southeastern Baptist Theological Seminary - Lowell Correctional Institution,FL,SBTSLCI,SBTSLCI
Winston - Salem Barber School - Satellite,NC,WSBSS,WSBSS
Bryant & Stratton College-Akron,OH,BSCA,BSCA
Bryant & Stratton College-Solon,OH,BSCS,BSCS
Adult & Community Education Columbus City Schools - Fort Hayes Career,OH,ACECCSFHC,ACECCSFHC
Hebrew Union College-Jewish Institute of Religion-Cincinnati,OH,HUCJIRC,HUCJIRC
Hebrew Union College-Jewish Institute of Religion-Los Angeles,CA,HUCJIRLA,HUCJIRLA
Kettering College - Ollie Davis Medical Arts and Education Center,OH,KCODMAEC,KCODMAEC
Mount Carmel College of Nursing - Fairfield,OH,MCCNF,MCCNF
Bushnell University - Roseburg Campus,OR,BURC,BURC
Western Seminary-San Jose,CA,WSSJ,WSSJ
Bucks County Community College-Upper Bucks Campus,PA,BCCCUBC,BCCCUBC
Bucks County Community College-Gene and Marlene Epstein Campus at Lower Bucks,PA,BCCCGMECLB,BCCCGMECLB
Harrisburg Area Community College-Lancaster,PA,HACCL,HACCL
Harrisburg Area Community College-Gettysburg,PA,HACCG,HACCG
Harrisburg Area Community College-Lebanon,PA,HACCL,HACCL
Harrisburg Area Community College-York,PA,HACCY,HACCY
UPMC Jameson School of Nursing - UPMC Hamot,PA,UJSNUH,UJSNUH
New Castle School of Trades - East Liverpool Campus,OH,NCSTELC,NCSTELC
Northampton County Area Community College-Monroe,PA,NCACCM,NCACCM
UPMC Shadyside - at UPMC Harrisburg,PA,USUH,USUH
South Hills School of Business and Technology-Altoona,PA,SHSBTA,SHSBTA
South College-Asheville,NC,SCA,SCA
South College-Nashville,TN,SCN,SCN
South College-Atlanta,GA,SCA,SCA
South College - Indianapolis,IN,SCI,SCI
South College - Orlando,FL,SCO,SCO
South College -  Pittsburgh,PA,SCP,SCP
San Jacinto College-North Campus,TX,SJCNC,SJCNC
San Jacinto College-South Campus,TX,SJCSC,SJCSC
San Jacinto Community College District - Generation Park Campus,TX,SJCCDGPC,SJCCDGPC
Texas A & M University Health Science Center,TX,TMUHSC,TMUHSC
Snow College-Richfield Campus,UT,SCRC,SCRC
Snow College -  Central Utah Correctional Facility,UT,SCCUCF,SCCUCF
Bluefield College - Edward Via College of Osteopathic Medicine,VA,BCEVCOM,BCEVCOM
Bluefield University - Edward Via College - Auburn,AL,BUEVCA,BUEVCA
Bryant & Stratton College-Richmond,VA,BSCR,BSCR
Bryant & Stratton College-Hampton,VA,BSCH,BSCH
Strayer University-Alexandria Campus,VA,SUAC,SUAC
Strayer University-Newport News Campus,VA,SUNNC,SUNNC
Strayer University-Virginia Beach Campus,VA,SUVBC,SUVBC
Union Presbyterian Seminary-Charlotte,NC,UPSC,UPSC
Shoreline Community College - Dental Hygiene,WA,SCCDH,SCCDH
Washington State University-Vancouver,WA,WSUV,WSUV
Washington State University-Spokane,WA,WSUS,WSUS
Washington State University-Tri Cities,WA,WSUTC,WSUTC
Washington State University - Everett Campus,WA,WSUEC,WSUEC
Washington State University - Global Campus,WA,WSUGC,WSUGC
Ameritas College -  South Bay Correctional Facility,FL,ACSBCF,ACSBCF
NUC University - Arecibo,PR,NUA,NUA
NUC University - Rio Grande,PR,NURG,NURG
NUC University - Ponce,PR,NUP,NUP
NUC University - Caguas,PR,NUC,NUC
NUC University - Mayaguez,PR,NUM,NUM
NUC University - South Florida,FL,NUSF,NUSF
NUC University - Florida Technical College - Lakeland,FL,NUFTCL,NUFTCL
NUC University - Florida Technical College - Deland,FL,NUFTCD,NUFTCD
NUC University - Florida Technical College - Kissimmee,FL,NUFTCK,NUFTCK
NUC University - Florida Technical College - Pembroke Pines,FL,NUFTCPP,NUFTCPP
NUC University - Florida Technical College - Cutler Bay,FL,NUFTCCB,NUFTCCB
NUC University - IBC Technical Division - Ponce,PR,NUITDP,NUITDP
NUC University - IBC Technical Division - Mayaguez,PR,NUITDM,NUITDM
NUC University - IBC Technical Division - Guayama,PR,NUITDG,NUITDG
NUC University - IBC Technical Division - Manati,PR,NUITDM,NUITDM
NUC University - IBC Technical Division - Los Colobos,PR,NUITDLC,NUITDLC
NUC University - IBC Technical Division - Aguadilla,PR,NUITDA,NUITDA
NUC University - IBC Technical Division - Caguas,PR,NUITDC,NUITDC
NUC University - IBC Technical Division - Arecibo,PR,NUITDA,NUITDA
NUC University - IBC Technical Division - Escorial,PR,NUITDE,NUITDE
NUC University - IBC Technical Division - Bayamon,PR,NUITDB,NUITDB
NUC University - IBC Technical Division - Yauco,PR,NUITDY,NUITDY
NUC University - Florida Technical College - Orlando,FL,NUFTCO,NUFTCO
NUC University - Florida Technical College - Tampa,FL,NUFTCT,NUFTCT
NUC University - CCU - Caguas,PR,NUCC,NUCC
NUC University - CCU - Bayamon,PR,NUCB,NUCB
University of the Virgin Islands-Albert A. Sheen,VI,UVIAS,UVIAS
Purdue University - Purdue Polytechnic Anderson,IN,PUPPA,PUPPA
Purdue University - Purdue Polytechnic Indianapolis,IN,PUPPI,PUPPI
Purdue University - Purdue Polytechnic South Bend,IN,PUPPSB,PUPPSB
Purdue University - Purdue Polytechnic New Albany,IN,PUPPNA,PUPPNA
Purdue University - Purdue Polytechnic Columbus,IN,PUPPC,PUPPC
Purdue University - Purdue Polytechnic Kokomo,IN,PUPPK,PUPPK
Purdue University - Purdue Polytechnic Richmond,IN,PUPPR,PUPPR
Purdue University - Purdue Polytechnic Lafayette,IN,PUPPL,PUPPL
Purdue University - Purdue Polytechnic Vincennes,IN,PUPPV,PUPPV
Purdue University - Westgate Academy,IN,PUWA,PUWA
Purdue University -  Indianapolis,IN,PUI,PUI
ECPI University-Newport News,VA,EUNN,EUNN
ECPI University-Greensboro,NC,EUG,EUG
ECPI University-Charlotte,NC,EUC,EUC
ECPI University-Greenville,SC,EUG,EUG
ECPI University-Manassas,VA,EUM,EUM
ECPI University-Charleston,SC,EUC,EUC
ECPI University-Raleigh,NC,EUR,EUR
ECPI University-Columbia,SC,EUC,EUC
ECPI University-Culinary Institute of Virginia,VA,EUCIV,EUCIV
ECPI University-Virginia Beach Health Sciences,VA,EUVBHS,EUVBHS
ECPI University-Innsbrook,VA,EUI,EUI
ECPI University-Richmond West,VA,EURW,EURW
ECPI University - Roanoke,VA,EUR,EUR
ECPI University - Orlando,FL,EUO,EUO
ECPI University - San Antonio,TX,EUSA,EUSA
Paul Mitchell The School Boise -Paul Mitchell The School Coeur d'Alene,ID,PMSBPMSCD,PMSBPMSCD
Northwest Technology Center-Fairview,OK,NTCF,NTCF
Pivot Point Academy -  Wahl Barber Academy,IL,PPAWBA,PPAWBA
Rob Roy Academy - Woonsocket,RI,RRAW,RRAW
College of the Marshall Islands - Kwajalein Campus,MH,CMIKC,CMIKC
Nuvani Institute-Uvalde,TX,NIU,NIU
Nuvani Institute-Del Rio,TX,NIDR,NIDR
Nuvani Institute-South Campus,TX,NISC,NISC
Acupuncture and Integrative Medicine College Berkeley - Austin,TX,AIMCBA,AIMCBA
Everglades University-Orlando,FL,EUO,EUO
Everglades University-Sarasota,FL,EUS,EUS
Everglades University - Tampa,FL,EUT,EUT
Everglades University - Miami,FL,EUM,EUM
Florida National University-South Campus,FL,FNUSC,FNUSC
Florida National University Training Center,FL,FNUTC,FNUTC
Indian Capital Technology Center-Sallisaw,OK,ICTCS,ICTCS
Indian Capital Technology Center-Stilwell,OK,ICTCS,ICTCS
Indian Capital Technology Center-Tahlequah,OK,ICTCT,ICTCT
Indian Capital Technology Center School  District Number 4 - Coweta,OK,ICTCSDNC,ICTCSDNC
Central California School of Continuing Education -,CA,CCSCE,CCSCE
Compu-Med Vocational Careers - Dallas,TX,CMVCD,CMVCD
Osceola Technical College - St. Cloud Campus,FL,OTCSCC,OTCSCC
Osceola Technical College - Poinciana Campus,FL,OTCPC,OTCPC
Southeastern College-Miami Lakes,FL,SCML,SCML
Blue Cliff College,LA,BCC,BCC
Career Schools of Texas - Branch Campus #1,TX,CSTBC,CSTBC
Career Schools of Texas - Branch Campus #2,TX,CSTBC,CSTBC
Career Schools of Texas - Branch Campus #5,TX,CSTBC,CSTBC
Strayer University-Shelby Oaks Campus,TN,SUSOC,SUSOC
Strayer University-Center City Campus,PA,SUCCC,SUCCC
Leston College -,PR,LC,LC
Paul Mitchell The School Great Lakes - Sarasota,FL,PMSGLS,PMSGLS
SAE Institute of Technology-New York,NY,SITNY,SITNY
SAE Institute of Technology-Atlanta,GA,SITA,SITA
SAE Institute of Technology-Miami,FL,SITM,SITM
SAE Institute of Technology-Chicago,IL,SITC,SITC
Aviator College of Aeronautical Science & Technology -  Kissimmee,FL,ACASTK,ACASTK
Rasmussen University-Aurora,IL,RUA,RUA
Rasmussen University-Romeoville/Joliet,IL,RURJ,RURJ
Rasmussen University-Mokena/Tinley Park,IL,RUMTP,RUMTP
Academy Di Capelli -,CT,ADC,ADC
Dayton School of Medical Massage-Lima,OH,DSMML,DSMML
Cincinnati School of Medical Massage,OH,CSMM,CSMM
Cleveland Institute of Medical Massage,OH,CIMM,CIMM
Columbus School of Medical Massage,OH,CSMM,CSMM
Rasmussen University-Wausau,WI,RUW,RUW
Coastline Beauty College - Hemet,CA,CBCH,CBCH
Bryant & Stratton College-Racine,WI,BSCR,BSCR
Cambridge College of Healthcare & Technology - Miami Gardens,FL,CCHTMG,CCHTMG
Celebrity School of Beauty - Hialeah,FL,CSBH,CSBH
Jersey College - Tampa,FL,JCT,JCT
Jersey College - Ewing,NJ,JCE,JCE
Jersey College - Jacksonville,FL,JCJ,JCJ
Jersey College - Fort Lauderdale,FL,JCFL,JCFL
Jersey College - Largo,FL,JCL,JCL
Jersey College - Port Charlotte,FL,JCPC,JCPC
Jersey College - Fort Wayne,IN,JCFW,JCFW
Jersey College - Brooksville,FL,JCB,JCB
Jersey College - Naples,FL,JCN,JCN
Jersey College - Cleveland,TN,JCC,JCC
Jersey College - Melbourne,FL,JCM,JCM
Jersey College - Scranton,PA,JCS,JCS
Jersey College - Tucson,AZ,JCT,JCT
Jersey College - Knoxville,TN,JCK,JCK
Jersey College - Jenkintown,PA,JCJ,JCJ
Jersey College - Mesa,AZ,JCM,JCM
Jersey College - Dothan,AL,JCD,JCD
Jersey College - York,PA,JCY,JCY
Utah County Campus,UT,UCC,UCC
L'esprit Academy - Southfield,MI,LAS,LAS
Strayer University-Morrow Campus,GA,SUMC,SUMC
Strayer University-Lithonia Campus,GA,SULC,SULC
Strayer University-Augusta Campus,GA,SUAC,SUAC
Strayer University-Northwest Houston,TX,SUNH,SUNH
Strayer University-North Dallas,TX,SUND,SUND
Unitek College - San Jose,CA,UCSJ,UCSJ
Unitek College - Sacramento,CA,UCS,UCS
Unitek College - Concord,CA,UCC,UCC
Unitek College - Bakersfield,CA,UCB,UCB
Unitek College - Reno,NV,UCR,UCR
Pure Aesthetics Natural Skincare School -  Arizona Holistic Institute,AZ,PANSSAHI,PANSSAHI
Cinta Aveda Institute - San Jose,CA,CAISJ,CAISJ
Relay Graduate School of Education - Newark,NJ,RGSEN,RGSEN
Relay Graduate School of Education - New Orleans,LA,RGSENO,RGSENO
Relay Graduate School of Education - Delaware,DE,RGSED,RGSED
Relay Graduate School of Education - Memphis,TN,RGSEM,RGSEM
Relay Graduate School of Education - Houston,TX,RGSEH,RGSEH
Relay Graduate School of Education - Chicago,IL,RGSEC,RGSEC
Relay Graduate School of Education - Baton Rouge,LA,RGSEBR,RGSEBR
Relay Graduate School of Education - Philadelphia & Camden,PA,RGSEPC,RGSEPC
Relay Graduate School of Education - Denver,CO,RGSED,RGSED
Relay Graduate School of Education - Nashville,TN,RGSEN,RGSEN
Relay Graduate School of Education - San Antonio,TX,RGSESA,RGSESA
Relay Graduate School of Education - Dallas-Fort Worth,TX,RGSEDFW,RGSEDFW
Relay Graduate School of Education - Washington D.C,DC,RGSEWD,RGSEWD
Relay Graduate School of Education - Atlanta,GA,RGSEA,RGSEA
Relay Graduate School of Education - California,CA,RGSEC,RGSEC
Relay Graduate School of Education - Indiana,IN,RGSEI,RGSEI
Relay Graduate School of Education - Connecticut,CT,RGSEC,RGSEC
Annenberg School of Nursing -  Los Angeles,CA,ASNLA,ASNLA
Salon Institute - Columbus Campus,OH,SICC,SICC
Rasmussen University - Overland Park,KS,RUOP,RUOP
Rocky Vista University - Utah,UT,RVUU,RVUU
Designer Barber & Stylist School -,AR,DBSS,DBSS
MT Training Center - Humble,TX,MTCH,MTCH
Sharp Edgez Barber Institute - Buffalo,NY,SEBIB,SEBIB
Chrysm Institute of Esthetics (The) - Hampton,VA,CIEH,CIEH
Lynnes Welding Training - Ramsey,MN,LWTR,LWTR
Lynnes Welding Training-Bismarck,ND,LWTB,LWTB
East-West Healing Arts Institute - Milwaukee,WI,EWHAIM,EWHAIM
Bay Area Medical Academy - San Jose Satellite Location,CA,BAMASJSL,BAMASJSL
High Desert Medical College - Bakerfield,CA,HDMCB,HDMCB
High Desert Medical College - Temecula,CA,HDMCT,HDMCT
University of West Los Angeles - Chatsworth,CA,UWLAC,UWLAC
Georgia Military College - Valdosta,GA,GMCV,GMCV
Georgia Military College - Augusta,GA,GMCA,GMCA
Georgia Military College - Fairburn,GA,GMCF,GMCF
Georgia Military College - Robins,GA,GMCR,GMCR
Georgia Military College - Columbus,GA,GMCC,GMCC
Georgia Military College - Madison,GA,GMCM,GMCM
Georgia Military College - Dublin,GA,GMCD,GMCD
American College of Barbering - Florence,KY,ACBF,ACBF
Phipps Academy of Barbering - Bradley,IL,PABB,PABB
Alabama School of Nail Technology & Cosmetology - Saraland,AL,ASNTCS,ASNTCS
HCI College - Fort Lauderdale Campus,FL,HCFLC,HCFLC
Virginia University of Integrative Medicine - New Jersey,NJ,VUIMNJ,VUIMNJ
Virginia University of Integrative Medicine - Georgia,GA,VUIMG,VUIMG
ABC Adult School - Cabrillo Lane,CA,AASCL,AASCL
Mystros Barber Academy - Missouri City,TX,MBAMC,MBAMC
Urban Barber College - San Jose,CA,UBCSJ,UBCSJ
Urban Barber College -  Modesto,CA,UBCM,UBCM
Pro Beauty Academy (The) -  Kenilworth,NJ,PBAK,PBAK
College Unbound - Newport/Aquidneck Island,RI,CUNAI,CUNAI
Valley College - Fairlawn - School of Nursing,OH,VCFSN,VCFSN
Western Maricopa Education Center - Southwest Campus,AZ,WMECSC,WMECSC
Western Maricopa Education Center - Northeast Campus,AZ,WMECNC,WMECNC
Western Maricopa Education Center - Northwest Campus,AZ,WMECNC,WMECNC
Burlington County Institute of Technology - Adult Education -,NJ,BCITAE,BCITAE
